entry_id,kind,url,target,status,engine_discovered,disposition,confidence,note
ZP26-001,record,https://thevanishingpointsyndicate.bandcamp.com/album/dissonance-index-vol-1-various-artists,A,verified_live,see evidence,master_directory,96,Netlabel run by the artist; track 'Pyrogenesis' is a Zazie Productions contribution. Album credits reference PR ON THE GO and telegra.ph writeups (both in repo).
ZP26-002,record,https://thevanishingpointsyndicate.bandcamp.com/track/pyrogenesis,A,verified_live,see evidence,master_directory,96,Individual track page for the netlabel's first track; artist credited as Zazie Productions.
ZP26-003,record,https://909deadbatteries.bandcamp.com/album/909-dead-batteries-winter-2025,B,verified_live,see evidence,master_directory,96,"Release under the personal name (Target B), not the artist name (Target A). Wayback capture 2026-01-07 (200)."
ZP26-004,record,https://909deadbatteries.bandcamp.com/track/frost-directive-xiii-broadcast-leak-id-blzrd-741,B,verified_live,see evidence,master_directory,96,Track page; personal-name credit. Page's own links tie it to the Zazie Productions artist ecosystem.
ZP26-005,record,https://camembertelectrique.bandcamp.com/album/shippai,A,verified_live,see evidence,master_directory,95,Zazie Productions appears as contributing artist on a third-party compilation; track 'Grief is a Hot Commodity' is from 'To Halt Space Adrift' (2023).
ZP26-006,record,https://arrhythniarecords.bandcamp.com/album/amnesia-x-zazie-productions-oliver-sch-ffler-split-anr124,A,verified_live,see evidence,master_directory,96,Split with Amnesia (59) and Oliver Schöffler on arrhythNia Records; same release exists as Discogs release 36415555 (see ZP26-032).
ZP26-007,record,https://zazieproductions.bandcamp.com/album/g7e-torpedo,A,verified_live,see evidence,master_directory,95,Album page on the artist's own Bandcamp store (store root is in repo; this URL is new). Page also displays the full 18-release discography block used as evidence for ZP26-015..ZP26-021.
ZP26-008,record,https://zazieproductions.bandcamp.com/album/to-halt-space-adrift,A,verified_platform_index,see evidence,master_directory,90,2023 album; track 'Pivot and Deflect' also appears on lessthanone.bandcamp.com (in repo).
ZP26-009,record,https://zazieproductions.bandcamp.com/album/constrained-capacity,A,verified_platform_index,see evidence,master_directory,90,Album page new; also catalogued as Discogs release 35541229 (ZP26-031).
ZP26-010,record,https://zazieproductions.bandcamp.com/album/interference-archive-01010101,A,verified_platform_index,see evidence,master_directory,90,EP; iTunes catalog lists the same EP (ZP26-033).
ZP26-011,record,https://zazieproductions.bandcamp.com/album/stutter-to-stammer,A,verified_platform_index,see evidence,master_directory,90,Debut EP; 'Cheaper Impressions' track is the Black Mountain College commission (ground truth).
ZP26-012,record,https://zazieproductions.bandcamp.com/album/sellotape,A,verified_platform_index,see evidence,master_directory,90,2020 album; 2026 Super Deluxe Edition is ground truth in repo register (released 2026-04-16).
ZP26-013,record,https://zazieproductions.bandcamp.com/album/vermiform,A,verified_platform_index,see evidence,master_directory,90,"2023 album (Deezer shows ℗ 2022 Zazie Productions LLC, 06-05-2022 variant)."
ZP26-014,record,https://zazieproductions.bandcamp.com/album/greetings-from-tinsel-time-super-deluxe-edition,A,verified_platform_index,see evidence,master_directory,90,Super-deluxe reissue of the 2023 album (base album ZP26-016).
ZP26-015,record,https://zazieproductions.bandcamp.com/album/stutter-to-stammer-super-deluxe-edition,A,verified_platform_index,see evidence,master_directory,88,Reissue of ZP26-011.
ZP26-016,record,https://zazieproductions.bandcamp.com/album/greetings-from-tinsel-time,A,verified_platform_index,see evidence,master_directory,88,Base album of ZP26-014.
ZP26-017,record,https://zazieproductions.bandcamp.com/album/a-long-way-to-nowhere,A,verified_platform_index,see evidence,master_directory,88,Store discography entry; page not independently opened.
ZP26-018,record,https://zazieproductions.bandcamp.com/album/anesthesia-for-the-signal-age,A,verified_platform_index,see evidence,master_directory,88,2026 full-length; register cross-check positive.
ZP26-019,record,https://zazieproductions.bandcamp.com/album/spectral-ode-to-synesthesia-2,A,verified_platform_index,see evidence,master_directory,88,2025 single.
ZP26-020,record,https://zazieproductions.bandcamp.com/track/opaline-lament-life-from-the-beyond-2,A,verified_platform_index,see evidence,master_directory,88,2025 single/track.
ZP26-022,record,https://musicbrainz.org/artist/b610b4cb-87da-44d7-a262-2bd65fb8098c,A,verified_live,see evidence,master_directory,97,Primary structured-music record for Target A. No MusicBrainz record found under the personal name 'Zazie Kanwar-Torge' (search returned only the French singer Zazie and unrelated artists).
ZP26-023,record,https://musicbrainz.org/release/87d86240-0b6a-4974-9c8b-39cf3c086e6d,A,verified_structured,see evidence,master_directory,88,Compilation appearance of Zazie Productions (track not enumerated on the artist page).
ZP26-024,record,https://musicbrainz.org/release/25dc1579-8eb4-4733-8f99-4014ea72ccbc,A,verified_structured,see evidence,master_directory,88,Compilation appearance; Owlripper also credited on the Dissonance Index credits (ZP26-001).
ZP26-025,record,https://musicbrainz.org/release/a91fa6a7-587b-4f94-876d-db121489f87d,A,verified_structured,see evidence,master_directory,88,Compilation appearance.
ZP26-026,record,https://musicbrainz.org/release/1ff87890-d185-414a-937a-e3ee0980bcc4,A,verified_structured,see evidence,master_directory,88,Compilation appearance (label page in repo; structured MB record new).
ZP26-027,record,https://musicbrainz.org/release/d2409b75-b027-4c32-b6a5-08050036aae1,A,verified_structured,see evidence,master_directory,88,Compilation appearance with formal catalog number.
ZP26-028,record,https://musicbrainz.org/release/64263a77-e4a7-430d-aff9-39deefa6e581,A,verified_structured,see evidence,master_directory,88,Compilation appearance.
ZP26-029,record,https://musicbrainz.org/release/811777b0-f682-411a-869c-7da2f25fc53c,A,verified_structured,see evidence,master_directory,88,2026 compilation appearance.
ZP26-031,record,https://www.discogs.com/label/4317760-Not-On-Label-Zazie-Productions-Self-released,A,verified_live,see evidence,master_directory,90,Self-release label record.
ZP26-032,record,https://www.discogs.com/release/35541229-Zazie-Productions-Constrained-Capacity,A,verified_structured,see evidence,master_directory,90,Structured release record; matches Bandcamp album ZP26-009.
ZP26-033,record,https://www.discogs.com/release/36415555-Amnesia-59-X-Zazie-Productions-Oliver-Sch%C3%B6ffler-Amnesia-X-Zazie-Productions-Oliver-Sch%C3%B6ffler,A,verified_structured,see evidence,master_directory,90,Structured release record; matches Bandcamp split ZP26-006.
ZP26-034,record,https://itunes.apple.com/search?term=%22Zazie+Productions%22&media=music&limit=25,A,verified_structured,see evidence,master_directory,95,Structured streaming catalog evidence. Artist page music.apple.com/us/artist/zazie-productions/1623719351 is in repo; per-track/album API entries are new structured records.
ZP26-042,record,https://rateyourmusic.com/~ZazieProductions,A,variant,see evidence,master_directory,70,Identity attribution probable (taste profile overlaps artist influences) but the visible string is the concatenated variant; recorded separately from exact matches.
ZP26-045,record,https://www.listennotes.com/podcasts/black-mountain/episode-7-ruth-asawas-jCOn1up_zYy/,AB,verified_live,see evidence,master_directory,85,Podcast-index page where both targets are visible; surfaces the dedicated episode page ZP26-046.
ZP26-046,record,https://www.listennotes.com/podcasts/black-mountain/bmc-radio-art-zazie-atrX8jsp-6h/,AB,verified_platform_index,see evidence,master_directory,80,Dedicated episode page for the 2021 Black Mountain College radio-art commission 'Cheaper Impressions'; both names in title+description per the listing.
ZP26-047,record,https://archive.org/details/instructions-for-clean-living,AB,verified_structured,see evidence,master_directory,95,"The only archive.org item matching Target B's exact string; statement 'Zazie Kanwar-Torge, working as Zazie Productions' is a second direct identity link (besides ZP26-043). Register confirms this film was submitted to the contest (ground truth)."
ZP26-048,record,https://archive.org/details/phantom-requiem-short-film,A,verified_live,see evidence,master_directory,95,"Primary film of both targets (Phantom Requiem, 2024) self-uploaded to IA; complements festival records ZP26-043/044."
ZP26-049,record,https://archive.org/details/unexplained-aerial-phenomena-report-zazie-productions,A,verified_structured,see evidence,master_directory,92,Fictional 'UFO report' artifact in the artist's Enigma Labs sighting series (sighting 311344 is in repo).
ZP26-050,record,https://archive.org/details/quantum-geometry-3-d-emulator,A,verified_structured,see evidence,master_directory,92,Early (2019) creative-coding artifact; uploader email matches the contact address seen on the broken ReelCrafter reel (L-01).
ZP26-051,record,https://archive.org/details/va-music-inspired-on-mulholland-drive,A,verified_structured,see evidence,master_directory,92,Netlabel compilation contribution; NEW track title 'Club Silencio Acoustic Survey' not in repo.
ZP26-052,record,https://archive.org/details/va-doom-a-creative-commons-music-compilation,A,verified_structured,see evidence,master_directory,90,Netlabel compilation contribution (credit in item description).
ZP26-053,record,https://archive.org/details/v-a-i-want-to-believe,A,verified_structured,see evidence,master_directory,90,Netlabel compilation contribution.
ZP26-054,record,https://archive.org/details/ju-on-the-music-compilation,A,verified_structured,see evidence,master_directory,90,Netlabel compilation contribution; horror-compilation circuit consistent with the artist's horror-scoring work.
ZP26-055,record,https://archive.org/details/arrhythnia-discography,A,verified_structured,see evidence,master_directory,85,Label-discography archive tying ZP26-006/033 into the arrhythNia catalog; exact string located by full-text index within the item.
ZP26-056,record,https://archive.org/details/neural_dynamics_simulation_by_cascadingforest26294535,A,verified_structured,see evidence,master_directory,88,Creative-coding artifact (open_source_software collection).
ZP26-057,record,https://archive.org/details/data-conversation-01-17675,A,verified_structured,see evidence,master_directory,88,Artist-concept 'file dump' item; sister item ZP26-058.
ZP26-058,record,https://archive.org/details/liquid-phosphorus-4-33,A,verified_structured,see evidence,master_directory,88,Second volume of the 'Mystery File Dump' series.
ZP26-059,record,https://archive.org/details/img-1941_202505,A,verified_structured,see evidence,master_directory,88,Net-art/PDF artifact in the artist's visual-ontology series.
ZP26-060,record,https://archive.org/details/5-bb-30-b-4-b-a-4-a-0-4-fff-94-cc-22-f-0-fceda-667,A,verified_structured,see evidence,master_directory,88,Preservation of the yyyyyyyy.info/ www.yyyyyyy.info net-art artifact (register entry 110 documents the preservation work).
ZP26-061,record,https://archive.org/details/experiments-on-the-witch-house,A,verified_structured,see evidence,master_directory,82,"Netlabel compilation; exact string confirmed by IA full-text index, specific track not yet enumerated - flagged for follow-up."
ZP26-062,record,https://archive.org/details/sepsis-d-iaa-i3d-iai-i3d-i-ia-i3da-iia-i3di-ia-i3-d-ia-i3d-iia-i3di-ia-i3d,A,verified_structured,see evidence,master_directory,82,2024 audiovisual work; same title as the 2024 New Media Arts Space exhibition piece (repo URL newmediartspace.info/exhibitions/2024_ripples/sepsis.html).
ZP26-063,record,https://archive.org/details/ra-codename-the-rhizosigil,A,verified_structured,see evidence,master_directory,82,Zine artifact in the artist's 'OBJECT #Δ-NEMEK' series; exact string within item via full-text index.
ZP26-064,record,https://archive.org/details/textual-exhumation-5-gnosis-of-the-null-horizon_202504,A,verified_structured,see evidence,master_directory,82,Text-artifact in the 'Textual Exhumation' series; sister item ZP26-065.
ZP26-065,record,https://archive.org/details/textual-exhumations-unicode,A,verified_structured,see evidence,master_directory,82,Unicode text-artifact; part of the same series as ZP26-064.
ZP26-021,record_in_repo,https://zazieproductions.bandcamp.com/,A,duplicate_repo,see evidence,excluded_already_in_repo (cluster root),95,CLUSTER ROOT: in_repo=True; all album/track records ZP26-007..ZP26-020 hang off this store. First Wayback capture 2021-09-14.
ZP26-030,record_in_repo,https://www.discogs.com/artist/11354435-Zazie-Productions,A,duplicate_repo,see evidence,excluded_already_in_repo (cluster root),97,Primary structured-discography record for Target A on Discogs. Discogs search also reports 152 releases / 16 masters matching 'Zazie Productions' marketplace-wide (ZP26-031 context).
ZP26-035,record_in_repo,https://groover.co/en/influencer/profile/0.zazie-productions/,A,duplicate_repo,see evidence,excluded_already_in_repo (cluster root),95,Artist-curated identity (self-asserted profile). Playlist URL open.spotify.com/playlist/75PxWthUYPOskOU1EjGrFX surfaced here (Spotify domain in repo).
ZP26-036,record_in_repo,https://www.viberate.com/artist/zazie-productions/,A,duplicate_repo,see evidence,excluded_already_in_repo (cluster root),90,Aggregated analytics profile; biographical claims self-asserted upstream.
ZP26-037,record_in_repo,https://www.bandmix.com/zazieproductions/,A,duplicate_repo,see evidence,excluded_already_in_repo (cluster root),90,Musician directory profile; screen-name variant 'Zazieproductions' (no space) is the account slug.
ZP26-038,record_in_repo,https://www.wfcn.co/profile/zazie.productions,A,duplicate_repo,see evidence,excluded_already_in_repo (cluster root),90,Film-industry directory profile (self-registered). Slug variant 'zazie.productions'.
ZP26-039,record_in_repo,https://www.castingcall.club/m/zazieproductions,A,duplicate_repo,see evidence,excluded_already_in_repo (cluster root),90,"Profile lists the full press circuit (most links already in repo). Source of leads: behance.net/zaziediya (variant handle), 100subtextsmagazine.blogspot.com feature page."
ZP26-040,record_in_repo,https://soundbetter.com/profiles/614805-zazie-productions,A,duplicate_repo,see evidence,excluded_already_in_repo (cluster root),92,Production-services profile; Discogs-verified credit block cross-links ZP26-030/033.
ZP26-041,record_in_repo,https://songstats.com/artist/mljz9dxu/zazie-kanwar-torge,B,duplicate_repo,see evidence,excluded_already_in_repo (cluster root),92,Composer-identity analytics page keyed to Target B; page itself links the Target A Songstats page (repo). Tidal artist id 33032080 surfaced (lead).
ZP26-043,record_in_repo,https://pebblesunderground.art/video/phantom-requiem/,AB,duplicate_repo,see evidence,excluded_already_in_repo (cluster root),98,"STRONGEST IDENTITY LINK found: explicit 'A.K.A' statement connecting both targets. Wayback captures: 2025-01-22, 2025-05-22, 2025-11-16, 2026-01-20, 2026-06-07."
ZP26-044,record_in_repo,https://www.visualcontainer.tv/pebbles-underground-summer-2024-award-winners-winter-2024-award-winners/,AB,duplicate_repo,see evidence,excluded_already_in_repo (cluster root),95,Co-presentation partner of the Pebbles Underground festival (ZP26-043); both names appear in the official awards announcement.
ZL26-01,lead,https://play.reelcrafter.com/z6vU_hn4T76AE0kv4rtd9w,AB,broken_link,platform-search-api,ledger_only,40,"Search snippet (2026-09-05) contains BOTH exact names: 'Zazie Kanwar-Torge is an award-winning composer... Performing and releasing work under Zazie Productions...' plus email zaziediya@gmail.com and phone number. Direct fetch 2026-09-05: 'Oops, we couldn't find that reel! Looks like this link is no longer available.' => broken live page; evidence survives only in the search index. Recorded as search_index + broken. Sensitive data (email/phone) NOT transcribed into deliverables per repo PII rules; its presence is noted without transcription."
ZL26-02,lead,https://www.linkedin.com/in/zazie-kanwar-torge-3b8a98373/,AB,blocked_bot_protection,platform-search-api,ledger_only,55,"Direct fetch 2026-09-05: HTTP 403. Search-engine snippet + embedded JSON-LD show name 'Zazie Kanwar-Torge', worksFor 'Zazie Productions LLC', publications (Phantom Requiem - Mande Literary Journal; Anchor and Ascend - 100Subtexts Magazine; THRESHOLDS; Enigma Labs publication), awards (BMC Radio Art Award, Pulitzer Center finalist, Riviera Art Film Festival, Tromso Arctic Cinema Showcase), projects (Dissonance Index Vol. 1; Phantasm films). Recorded at search-index level only; page not opened."
ZL26-03,lead,https://www.reddit.com/r/noisemusic/comments/1jajm1l/new_label_called_the_vanishing_point_syndicate/,A,blocked_bot_protection,platform-search-api,ledger_only,45,Direct fetch 2026-09-05: HTTP 403 (Reddit bot protection). Matched query 'Vanishing Point Syndicate' 'Zazie' OR 'Dissonance Index' (2025-03-13 post). Exact target string presumed present in post body but not visible in snippet; NOT verified => lead only. Ties to ZP26-001/002 netlabel.
ZL26-04,lead,https://100subtextsmagazine.blogspot.com/2025/03/issue-31feature.html,B,empty_or_js_page,referral_from_verified_page,ledger_only,40,Linked from verified Casting Call Club profile (ZP26-039) and from artist's own bio ('featured on... 100Subtexts Literary Magazine'). Fetch 2026-09-05 returned only the title 'Issue 31_feature' (content JS-gated or empty). Name not confirmed on page => unresolved lead. Register ground truth confirms 'Anchor and Ascend' published in 100Subtexts.
ZL26-05,lead,https://www.behance.net/zaziediya,A,unfetched_variant_handle,referral_from_verified_page,ledger_only,45,Linked twice from verified Casting Call Club profile (ZP26-039) as the artist's graphic-design portfolio. Handle 'zaziediya' is a variant (not an exact-name string); page not fetched this pass. Lead only.
ZL26-06,lead,https://www.visualcontainer.tv/wp-content/uploads/2025/01/Winter-2024-Award-Winners_Press-Release.pdf,AB,artifact_unparsed,referral_from_verified_page,ledger_only,50,PDF linked from verified page ZP26-044 (2026-09-05). PDF text not parsed this pass (no pdftotext in sandbox; fetch_page is HTML/JSON-oriented). The parent page already contains both exact names; PDF treated as derivative artifact. Companion: Summer-2024-Award-Winners_Press-Release.pdf.
ZL26-07,lead,https://www.youtube.com/channel/UCnDTZImCr9MfLF_f7iPav2A,A,duplicate_cluster_repo_domain,referral_from_verified_page,duplicate_cluster,85,"Channel id surfaced on verified WFCN profile (ZP26-038) with 'Zazie Productions 195 subscribers' and video UX2kv3G89Jw 'Phantom Requiem (Short Film)'. youtube.com/@zazieproductions is in repo seed set => duplicate cluster (repo-domain), no new record. Channel ID recorded for the cluster."
ZL26-08,lead,https://open.spotify.com/playlist/75PxWthUYPOskOU1EjGrFX,A,duplicate_cluster_repo_domain,referral_from_verified_page,duplicate_cluster,85,Playlist surfaced on verified Groover profile (ZP26-035); 31.4k followers displayed; curator 'Zazie Productions'. Spotify domain in repo seed set => duplicate cluster; playlist id recorded.
ZL26-09,lead,https://listen.tidal.com/artist/33032080/,B,unfetched_sameas,referral_from_verified_page,ledger_only,55,sameAs URL displayed on verified Songstats page ZP26-041 (JSON-LD sameAs). Tidal page not fetched this pass. Lead for Tidal catalog cross-check.
ZL26-10,lead,https://www.discogs.com/artist/14374163-Amnesia-59,A,context_only,referral_from_verified_page,context_only,90,Co-artist on the aNr124 split (ZP26-006/033). No target string; context record for the split. Oliver Schöffler artist page (discogs.com/artist/4829028) likewise context-only.
ZL26-11,lead,https://www.discogs.com/search/?q=Zazie%20Productions,A,index_counts_recorded,direct_platform_search,index_evidence,90,Marketplace-wide counts captured 2026-09-05. Per-release marketplace pages not enumerated (would be ~150 fetches; out of scope). The 1 artist + 1 label + 2 artist-page releases are the verified records (ZP26-030..033).
ZL26-12,lead,https://ars.electronica.art/outofthebox/en/sonic-saturday/,B,rejected_no_exact_name,platform-search-api,rejected,10,Query 'Zazie Kanwar-Torge' 'Sonic Saturday' OR 'MEDIUM SONORUM' OR 'Linz' returned the 2019 and 2024/2025 Sonic Saturday event pages; NONE of the returned snippets contains an exact target string. Register ground truth says the artist was selected for Sonic Saturday 2026 (Linz). Not claimed as verified; event series noted as likely venue for follow-up.
ZL26-13,lead,https://payhip.com/b/muNBT,B,rejected_unrelated,platform-search-api,rejected,5,Top hit for query 'Zazie Kanwar-Torge' 'Dark Descent' OR 'Milkweed' OR '100Subtexts'; title '100subtexts 2' is a Payhip product with no target string visible. Rejected as unverified/unrelated.
ZL26-14,lead,https://www.chartsinfrance.net/Zazie/interview-123852.html,A,rejected_other_entity,platform-search-api,rejected,5,Noise: French pop singer Zazie (excluded entity per repo rules). No 'Zazie Productions' exact string.
ZL26-15,lead,https://www.bloodborne-wiki.com/2015/11/milkweed.html,B,rejected_other_entity,platform-search-api,rejected,5,Noise from the 'Milkweed' keyword in the query. Rejected.
ZL26-16,lead,https://www.wikidata.org/wiki/Q2947605,A,rejected_other_entity,platform-search-api,rejected,5,Noise hit from the Discogs/MusicBrainz/RYM query (RYM release of French singer Zazie). Not a target.
ZL26-17,lead,https://www.discogs.com/de/artist/211586-Tole-Ache,A,context_only,referral_from_verified_page,context_only,90,Crediting editor in ZP26-005 SHIPPAI credits block. Context only.
ZL26-18,lead,https://909deadbatteries.bandcamp.com/,B,duplicate_cluster_same_record,referral_from_verified_page,duplicate_cluster,80,Label store that released ZP26-003/004. No target string on the store root itself; the two release/track pages carry the exact name. Cluster note only.
ZL26-19,lead,https://slaps.com/ZazieProd,A,duplicate_cluster_repo,platform-search-api,duplicate_cluster,90,Same account as repo seed URL slaps.com/user/ZazieProd (canonical URL differs: /ZazieProd vs /user/ZazieProd). Duplicate cluster; excluded from new records per 'ignore anything already in repo'.
ZL26-20,lead,https://musicbrainz.org/ws/2/release/?query=artist:%22Zazie%20Productions%22,A,negative_result,direct_platform_search,negative_result,90,Lucene-quoted artist: query returned count=0 on 2026-09-05 (query-syntax sensitivity). The artist's 7 releases WERE retrieved via the artist entity page instead (ZP26-022..029). Logged so the protocol is reproducible.
