LeadID,TargetPhrase,PublicationHost,PageTitleOrSnippet,SurfacedBy,ExactQuery,LeadURL,WhyMayQualify
MZL-001,“Zazie Productions”,"Coin-Operated Press — For The Sad Kids Zine (Issue 062, Mar 11 2026)","For The Sad Kids Zine OUT NOW!!! — Announcement: “Inside, you will find emo illustrations, sad kid selfies, punk rock poetry… teenage sketchbook doodles…” + Stunning That You’d Care is claimed per Accomplishment Register #59 to appear inside with lyrics/biography/Spotify code/teen photo.",web_search (“Zazie Productions” zine + “Zazie Productions” “For the Sad Kids” + direct fetch of wordpress pages),“Zazie Productions” zine / “Zazie Productions” “For the Sad Kids Zine”,https://coinoperatedpress.wordpress.com/2026/03/11/for-the-sad-kids-zine-out-now/,"Zine feature where target is credited author / featured writer — Accomplishment Register says Stunning That You’d Care was “Published March 11 in Coin-Operated Press’s For the Sad Kids Zine, including lyrics, background, Spotify code, biography, credits, and a teenage photograph.” If verified, that is Tier A: published creative writing visibly authored by target inside a zine."
MZL-002,“Zazie Kanwar-Torge”,"Bipolar Poetry (literary journal, Australia)","The Bell of the Hollow Luxuries — Bipolar Poetry — Published Feb. 7, 2026 (per Accomplishment Register #65)",Accomplishment Register + web_search “Zazie Kanwar-Torge” magazine / “Zazie Productions” “Bipolar Poetry”,“Zazie Productions” “Bipolar Poetry” / “Zazie Kanwar-Torge” “Bipolar Poetry”,https://www.pw.org/literary_magazines/bipolar_poetry,"Literary journal publication authored by target — would be Tier A (published poem by target) under qualifier: “An essay, article, editorial piece, or published creative writing visibly authored by ‘Zazie Kanwar-Torge.’”"
MZL-003,“Zazie Kanwar-Torge”,"Milkweed Poetry Journal — The Bell of the Hollow Luxuries (again, per Register #66)",Same poem published again in Milkweed Poetry Journal 2026 as separate publication outcome,Accomplishment Register + web_search,“Zazie Kanwar-Torge” “Milkweed Poetry Journal”,Unknown canonical — no URL found in searches,"Separate literary-journal publication of same work — if verified, would be a second Tier A journal feature (distinct publication)."
MZL-004,“Zazie Kanwar-Torge”,Church of Malware — Community Codex Vol. 1 (Summer 2026) — Poison in the Well: Adversarial Audio & Machine Listening (Register #57),Codex is referenced as indexed by a July Google Alert; churchofmalware.org is live (fetched) but Codex contents page not found.,Accomplishment Register + web_search “Zazie Productions” “Church of Malware” / direct fetch churchofmalware.org/,“Zazie Productions” “Church of Malware”,https://churchofmalware.org/,Magazine/journal/codex essay authored by target — would be Tier A essay in an independent technical/cultural publication.
MZL-005,“Zazie Productions”,"Blastbones Zine — Volume II — Ouroborean Sunmouth (Register #61, Selected Jan 29)",Zine issue accepted; not yet published at time of register.,Accomplishment Register + web_search “Zazie Productions” zine,“Zazie Productions” zine,Unknown — blastbones zine site (search: no URL with phrase found),Zine fiction publication by target — would be Tier A if issue publicly posted with byline.
MZL-006,“Zazie Kanwar-Torge”,"Thorn In Your Side — Barb, Issue 3 — Glossolalia Engine / 23-Vector Gospel (Register #67)",Accepted with request for assets; awaiting publication.,Accomplishment Register,—,Unknown,Literary journal publication — Tier A when published.
MZL-007,“Zazie Productions”,"100Subtexts Magazine / Maude Literary Journal for Bipolar Talent / Who Is The Dreamer? — mentioned in bios (castingcall, Slaps, itch.io) as past features","Bio lines: He has been featured on HEAVY Magazine, Ranger Magazine, Superpresent Magazine, Life in Limbo Magazine… 100Subtexts Literary Magazine, … Maude Literary Journal for Bipolar Talent, Who Is The Dreamer? — A Tribute To David Lynch… — but no direct issue URL with phrase located.",Bios on castingcall.club/zazieproductions + slaps.com/ZazieProd + filmfreeway.com,“Zazie Productions” “100Subtexts” etc. (web_search),No canonical issue page with phrase found; linktr.ee also cites same list without URLs,"Magazine/journal features — if verified, each would be Tier A/B."
MZL-008,“Zazie Productions”,HEAVY Magazine — dedicated page (existing in feature table but inaccessible from sandbox this pass) — potential archived version,Title confirmed via Linktree/FilmFreeway: ZAZIE PRODUCTIONS Unleash Eclectic… Heavy Magazine,web_search + direct fetch attempt,“ZAZIE PRODUCTIONS Unleash Eclectic Single”,https://heavymag.com.au/zazie-productions-unleash-eclectic-single-cant-get-my-eyes-off-you-123/,"Already a Tier A feature, but verification-limited in this pass — host not resolvable; archive capture not found. If verified via another network or via publisher-provided archive, would move from “Previously documented” to “Previously documented but newly verified.”"
MZL-009,“Zazie Productions”,Grammy Weekly — same situation: feature exists but HTTP 500,https://grammyweekly.com/zazie-productions-the-underground-polymath-redefining-experimental-music/,direct fetch 2026-09-05 → 500 + Wayback calendar (0 captures),“Zazie Productions” “Grammy Weekly”,https://grammyweekly.com/zazie-productions-the-underground-polymath-redefining-experimental-music/,Tier A feature — already counted — but needs re-verification.
