EntryID,Cluster,Subtype,URL,Host,Target,Origin,PriorMasterCategory,MasterCategory,TrustTier,LiveStatus_2026-09-05,EvidenceLevel,FirstRecordedIn,Notes
LT-001,BMC-DOORWAY,DOORWAY-INJECT,http://hiontech.kr/data/persuasive-speech/black-mountain-college-ira-and-ruth-levinson-museum,hiontech.kr,Zazie Productions,pre-existing (master + seed + dump),SEO Spam / Link Farm,"Spam, Scraper, Syndication, SEO-Poisoning & Low-Trust",D,not-probed-safety,"NOT VISITED (compromised-host policy); dump-era SERP title trace ""Guru Meditation Error - Zazie Productions - 单曲 - 网..."" ; IA CDX sample 2026-09-05: no captures exist for sampled doorway URLs","registry/seed SEED_INDEX_FROM_DUMP.md; Random Zazie Productions links .pdf (""spam sites"" block)",Injected doorway on hacked/unrelated site; streamed-metadata title spoofed. Preserve as contamination trace only.
LT-002,BMC-DOORWAY,DOORWAY-INJECT,http://www.bytstav.sk/gDrA/ira-and-ruth-levinson-art-museum-north-carolina,bytstav.sk,Zazie Productions,pre-existing (master + seed + dump),SEO Spam / Link Farm,"Spam, Scraper, Syndication, SEO-Poisoning & Low-Trust",D,not-probed-safety,"NOT VISITED (compromised-host policy); dump-era SERP title trace ""Guru Meditation Error - Zazie Productions - 单曲 - 网..."" ; IA CDX sample 2026-09-05: no captures exist for sampled doorway URLs","registry/seed SEED_INDEX_FROM_DUMP.md; Random Zazie Productions links .pdf (""spam sites"" block)",Injected doorway on hacked/unrelated site; streamed-metadata title spoofed. Preserve as contamination trace only.
LT-003,BMC-DOORWAY,DOORWAY-INJECT,https://archivio.lavocedinovara.com/KmDEB/black-mountain-college-ira-and-ruth-levinson-museum,archivio.lavocedinovara.com,Zazie Productions,pre-existing (master + seed + dump),SEO Spam / Link Farm,"Spam, Scraper, Syndication, SEO-Poisoning & Low-Trust",D,not-probed-safety,"NOT VISITED (compromised-host policy); dump-era SERP title trace ""Guru Meditation Error - Zazie Productions - 单曲 - 网..."" ; IA CDX sample 2026-09-05: no captures exist for sampled doorway URLs","registry/seed SEED_INDEX_FROM_DUMP.md; Random Zazie Productions links .pdf (""spam sites"" block)",Injected doorway on hacked/unrelated site; streamed-metadata title spoofed. Preserve as contamination trace only.
LT-004,BMC-DOORWAY,DOORWAY-INJECT,https://childrenofyemen.org/zvgw5/black-mountain-college-ira-and-ruth-levinson-museum,childrenofyemen.org,Zazie Productions,pre-existing (master + seed + dump),SEO Spam / Link Farm,"Spam, Scraper, Syndication, SEO-Poisoning & Low-Trust",D,not-probed-safety,"NOT VISITED (compromised-host policy); dump-era SERP title trace ""Guru Meditation Error - Zazie Productions - 单曲 - 网..."" ; IA CDX sample 2026-09-05: no captures exist for sampled doorway URLs","registry/seed SEED_INDEX_FROM_DUMP.md; Random Zazie Productions links .pdf (""spam sites"" block)",Injected doorway on hacked/unrelated site; streamed-metadata title spoofed. Preserve as contamination trace only.
LT-005,BMC-DOORWAY,DOORWAY-INJECT,https://designbymm.cz/.modules/gbt72mhz/ira-and-ruth-levinson-art-museum-north-carolina,designbymm.cz,Zazie Productions,pre-existing (master + seed + dump),SEO Spam / Link Farm,"Spam, Scraper, Syndication, SEO-Poisoning & Low-Trust",D,not-probed-safety,"NOT VISITED (compromised-host policy); dump-era SERP title trace ""Guru Meditation Error - Zazie Productions - 单曲 - 网..."" ; IA CDX sample 2026-09-05: no captures exist for sampled doorway URLs","registry/seed SEED_INDEX_FROM_DUMP.md; Random Zazie Productions links .pdf (""spam sites"" block)",Injected doorway on hacked/unrelated site; streamed-metadata title spoofed. Preserve as contamination trace only.
LT-006,BMC-DOORWAY,DOORWAY-INJECT,https://lcofcu.com/4o5ct9/archive.php?tag=black-mountain-college-ira-and-ruth-levinson-museum,lcofcu.com,Zazie Productions,pre-existing (master + seed + dump),SEO Spam / Link Farm,"Spam, Scraper, Syndication, SEO-Poisoning & Low-Trust",D,not-probed-safety,"NOT VISITED (compromised-host policy); dump-era SERP title trace ""Guru Meditation Error - Zazie Productions - 单曲 - 网..."" ; IA CDX sample 2026-09-05: no captures exist for sampled doorway URLs","registry/seed SEED_INDEX_FROM_DUMP.md; Random Zazie Productions links .pdf (""spam sites"" block)",Injected doorway on hacked/unrelated site; streamed-metadata title spoofed. Preserve as contamination trace only.
LT-007,BMC-DOORWAY,DOORWAY-INJECT,https://maynenkhikobelco.com/ZVuos/black-mountain-college-ira-and-ruth-levinson-museum,maynenkhikobelco.com,Zazie Productions,pre-existing (master + seed + dump),SEO Spam / Link Farm,"Spam, Scraper, Syndication, SEO-Poisoning & Low-Trust",D,not-probed-safety,"NOT VISITED (compromised-host policy); dump-era SERP title trace ""Guru Meditation Error - Zazie Productions - 单曲 - 网..."" ; IA CDX sample 2026-09-05: no captures exist for sampled doorway URLs","registry/seed SEED_INDEX_FROM_DUMP.md; Random Zazie Productions links .pdf (""spam sites"" block)",Injected doorway on hacked/unrelated site; streamed-metadata title spoofed. Preserve as contamination trace only.
LT-008,BMC-DOORWAY,DOORWAY-INJECT,https://patchworkers.info/ac-valhalla/black-mountain-college-ira-and-ruth-levinson-museum,patchworkers.info,Zazie Productions,pre-existing (master + seed + dump),SEO Spam / Link Farm,"Spam, Scraper, Syndication, SEO-Poisoning & Low-Trust",D,not-probed-safety,"NOT VISITED (compromised-host policy); dump-era SERP title trace ""Guru Meditation Error - Zazie Productions - 单曲 - 网..."" ; IA CDX sample 2026-09-05: no captures exist for sampled doorway URLs","registry/seed SEED_INDEX_FROM_DUMP.md; Random Zazie Productions links .pdf (""spam sites"" block)",Injected doorway on hacked/unrelated site; streamed-metadata title spoofed. Preserve as contamination trace only.
LT-009,BMC-DOORWAY,DOORWAY-INJECT,https://powerkabel.com.pe/love-quotes/black-mountain-college-ira-and-ruth-levinson-museum,powerkabel.com.pe,Zazie Productions,pre-existing (master + seed + dump),SEO Spam / Link Farm,"Spam, Scraper, Syndication, SEO-Poisoning & Low-Trust",D,not-probed-safety,NOT VISITED — counterfeit-shop style host (safety policy),"registry/seed SEED_INDEX_FROM_DUMP.md; Random Zazie Productions links .pdf (""spam sites"" block)",Compromised-host doorway under BMC/IRLAM template slug.
LT-010,BMC-DOORWAY,DOORWAY-INJECT,https://shoshanagarfield.com/bidirectional-lstm/black-mountain-college-ira-and-ruth-levinson-museum,shoshanagarfield.com,Zazie Productions,pre-existing (master + seed + dump),SEO Spam / Link Farm,"Spam, Scraper, Syndication, SEO-Poisoning & Low-Trust",D,not-probed-safety,"NOT VISITED (compromised-host policy); dump-era SERP title trace ""Guru Meditation Error - Zazie Productions - 单曲 - 网..."" ; IA CDX sample 2026-09-05: no captures exist for sampled doorway URLs","registry/seed SEED_INDEX_FROM_DUMP.md; Random Zazie Productions links .pdf (""spam sites"" block)",Injected doorway on hacked/unrelated site; streamed-metadata title spoofed. Preserve as contamination trace only.
LT-011,BMC-DOORWAY,DOORWAY-INJECT,https://slatersgarage.com/PxyL/black-mountain-college-ira-and-ruth-levinson-museum,slatersgarage.com,Zazie Productions,pre-existing (master + seed + dump),SEO Spam / Link Farm,"Spam, Scraper, Syndication, SEO-Poisoning & Low-Trust",D,not-probed-safety,"NOT VISITED (compromised-host policy); dump-era SERP title trace ""Guru Meditation Error - Zazie Productions - 单曲 - 网..."" ; IA CDX sample 2026-09-05: no captures exist for sampled doorway URLs","registry/seed SEED_INDEX_FROM_DUMP.md; Random Zazie Productions links .pdf (""spam sites"" block)",Injected doorway on hacked/unrelated site; streamed-metadata title spoofed. Preserve as contamination trace only.
LT-012,BMC-DOORWAY,DOORWAY-INJECT,https://smartpersonsguide.com/MNNiI/black-mountain-college-ira-and-ruth-levinson-museum,smartpersonsguide.com,Zazie Productions,pre-existing (master + seed + dump),SEO Spam / Link Farm,"Spam, Scraper, Syndication, SEO-Poisoning & Low-Trust",D,not-probed-safety,"NOT VISITED (compromised-host policy); dump-era SERP title trace ""Guru Meditation Error - Zazie Productions - 单曲 - 网..."" ; IA CDX sample 2026-09-05: no captures exist for sampled doorway URLs","registry/seed SEED_INDEX_FROM_DUMP.md; Random Zazie Productions links .pdf (""spam sites"" block)",Injected doorway on hacked/unrelated site; streamed-metadata title spoofed. Preserve as contamination trace only.
LT-013,BMC-DOORWAY,DOORWAY-INJECT,https://vidmak.com/fs0vz3/ira-and-ruth-levinson-art-museum-north-carolina,vidmak.com,Zazie Productions,pre-existing (master + seed + dump),SEO Spam / Link Farm,"Spam, Scraper, Syndication, SEO-Poisoning & Low-Trust",D,not-probed-safety,NOT VISITED — known malware-distribution host (safety policy),"registry/seed SEED_INDEX_FROM_DUMP.md; Random Zazie Productions links .pdf (""spam sites"" block)",Compromised-host doorway under BMC/IRLAM template slug.
LT-014,BMC-DOORWAY,DOORWAY-INJECT,https://www.juetao.org/yfc/san-bernardino-county-sheriff-jobs,juetao.org,Zazie Productions,pre-existing (master + seed + dump),SEO Spam / Link Farm,"Spam, Scraper, Syndication, SEO-Poisoning & Low-Trust",D,not-probed-safety,"NOT VISITED (compromised-host policy); dump-era SERP title trace ""Guru Meditation Error - Zazie Productions - 单曲 - 网..."" ; IA CDX sample 2026-09-05: no captures exist for sampled doorway URLs","registry/seed SEED_INDEX_FROM_DUMP.md; Random Zazie Productions links .pdf (""spam sites"" block)",Injected doorway on hacked/unrelated site; streamed-metadata title spoofed. Preserve as contamination trace only.
LT-015,BMC-DOORWAY,DOORWAY-INJECT,https://www.sarlmca.fr/x83v4/ira-and-ruth-levinson-art-museum-north-carolina,sarlmca.fr,Zazie Productions,pre-existing (master + seed + dump),SEO Spam / Link Farm,"Spam, Scraper, Syndication, SEO-Poisoning & Low-Trust",D,not-probed-safety,"NOT VISITED (compromised-host policy); dump-era SERP title trace ""Guru Meditation Error - Zazie Productions - 单曲 - 网..."" ; IA CDX sample 2026-09-05: no captures exist for sampled doorway URLs","registry/seed SEED_INDEX_FROM_DUMP.md; Random Zazie Productions links .pdf (""spam sites"" block)",Injected doorway on hacked/unrelated site; streamed-metadata title spoofed. Preserve as contamination trace only.
LT-016,SPAM-SHOP,SPAM-SHOP,https://wnloveet.click/product_details/105751966.html,wnloveet.click,Zazie Productions,pre-existing (master + seed + dump),SEO Spam / Link Farm,"Spam, Scraper, Syndication, SEO-Poisoning & Low-Trust",D,unverified,"not visited (suspicious .click domain, probable malware/counterfeit shop)","registry/seed SEED_INDEX_FROM_DUMP.md; Random Zazie Productions links .pdf (""spam sites"" block)",SEO-poisoning product page riding scraped keywords.
LT-017,MISATTRIB-FLAG,MISATTRIB-FLAG,https://www.agencesartistiques.com/fiche-artiste/739100-elsa-levy.html?lng=en,agencesartistiques.com,Zazie Productions,pre-existing (master + seed + dump),SEO Spam / Link Farm,"Spam, Scraper, Syndication, SEO-Poisoning & Low-Trust",D,unverified,not visited,"registry/seed SEED_INDEX_FROM_DUMP.md; Random Zazie Productions links .pdf (""spam sites"" block)",Dump flagged as spam-site; page is an unrelated talent booking profile (Elsa Levy). No exact-name occurrence established — NEVER countable.
LT-018,MISATTRIB-FLAG,MISATTRIB-FLAG,https://www.backstage.com/u/audreyjarnagin/,backstage.com,Zazie Productions,pre-existing (master + seed + dump),SEO Spam / Link Farm,"Spam, Scraper, Syndication, SEO-Poisoning & Low-Trust",D,unverified,not visited,"registry/seed SEED_INDEX_FROM_DUMP.md; Random Zazie Productions links .pdf (""spam sites"" block)",Dump flagged as spam-site; unrelated casting profile (audreyjarnagin). No exact-name occurrence established — NEVER countable.
LT-019,YT-MIRROR,INJECTED-EMBED,https://canal50.com/player-2020.asp?video=UX2kv3G89Jw&letra=4280&version=movil&autoplay=1,canal50.com,Zazie Productions,pre-existing (master + seed + dump),Video Mirror / Backlink Sites,"Spam, Scraper, Syndication, SEO-Poisoning & Low-Trust",D,unverified,"not individually probed this pass (cluster sample: deturl live w/ name, gazeta 404, clipzag 500, topsheet embed-only)","registry/seed SEED_INDEX_FROM_DUMP.md; Random Zazie Productions links .pdf (""spam sites"" block)","Auto-embed YouTube mirror of video UX2kv3G89Jw (""Phantom Requiem""); name appears via scraped video metadata only."
LT-020,YT-MIRROR,TOOL-MIRROR,https://clipzag.com/watch?v=UX2kv3G89Jw,clipzag.com,Zazie Productions,pre-existing (master + seed + dump),Video Mirror / Backlink Sites,"Spam, Scraper, Syndication, SEO-Poisoning & Low-Trust",D,broken,HTTP 500 2026-09-05,"registry/seed SEED_INDEX_FROM_DUMP.md; Random Zazie Productions links .pdf (""spam sites"" block)",Video mirror; currently failing.
LT-021,YT-MIRROR,UNKNOWN-MIRROR,https://culturevein.com/videos/UX2kv3G89Jw,culturevein.com,Zazie Productions,pre-existing (master + seed + dump),Video Mirror / Backlink Sites,"Spam, Scraper, Syndication, SEO-Poisoning & Low-Trust",D,unverified,"not individually probed this pass (cluster sample: deturl live w/ name, gazeta 404, clipzag 500, topsheet embed-only)","registry/seed SEED_INDEX_FROM_DUMP.md; Random Zazie Productions links .pdf (""spam sites"" block)","Auto-embed YouTube mirror of video UX2kv3G89Jw (""Phantom Requiem""); name appears via scraped video metadata only."
LT-022,YT-MIRROR,TOOL-MIRROR,https://deturl.com/play.php?v=UX2kv3G89Jw,deturl.com,Zazie Productions,pre-existing (master + seed + dump),Video Mirror / Backlink Sites,"Spam, Scraper, Syndication, SEO-Poisoning & Low-Trust",D,verified,"live 2026-09-05; scraped YouTube metadata shows ""Zazie Productions"" channel name","registry/seed SEED_INDEX_FROM_DUMP.md; Random Zazie Productions links .pdf (""spam sites"" block)",Benign player tool; string present only via scraped video metadata.
LT-023,YT-MIRROR,TOOL-MIRROR,https://fooyoh.com/nowwatch/watch/UX2kv3G89Jw,fooyoh.com,Zazie Productions,pre-existing (master + seed + dump),Video Mirror / Backlink Sites,"Spam, Scraper, Syndication, SEO-Poisoning & Low-Trust",D,unverified,"not individually probed this pass (cluster sample: deturl live w/ name, gazeta 404, clipzag 500, topsheet embed-only)","registry/seed SEED_INDEX_FROM_DUMP.md; Random Zazie Productions links .pdf (""spam sites"" block)","Auto-embed YouTube mirror of video UX2kv3G89Jw (""Phantom Requiem""); name appears via scraped video metadata only."
LT-024,YT-MIRROR,INJECTED-EMBED,https://gazetaolsztynska.pl/gminaelk/tv/video/youtube/UX2kv3G89Jw,gazetaolsztynska.pl,Zazie Productions,pre-existing (master + seed + dump),Video Mirror / Backlink Sites,"Spam, Scraper, Syndication, SEO-Poisoning & Low-Trust",D,broken,HTTP 404 page 2026-09-05,"registry/seed SEED_INDEX_FROM_DUMP.md; Random Zazie Productions links .pdf (""spam sites"" block)",Injected YouTube-embed path on a Polish news portal; since removed/cleaned. Provenance note: hacked-site-syndication trace.
LT-025,YT-MIRROR,SUSPICIOUS-MIRROR,https://heartvod.com/play=UX2kv3G89Jw,heartvod.com,Zazie Productions,pre-existing (master + seed + dump),Video Mirror / Backlink Sites,"Spam, Scraper, Syndication, SEO-Poisoning & Low-Trust",D,unverified,"not individually probed this pass (cluster sample: deturl live w/ name, gazeta 404, clipzag 500, topsheet embed-only)","registry/seed SEED_INDEX_FROM_DUMP.md; Random Zazie Productions links .pdf (""spam sites"" block)","Auto-embed YouTube mirror of video UX2kv3G89Jw (""Phantom Requiem""); name appears via scraped video metadata only."
LT-026,YT-MIRROR,TOOL-MIRROR,https://listenonrepeat.com/watch/?v=UX2kv3G89Jw,listenonrepeat.com,Zazie Productions,pre-existing (master + seed + dump),Video Mirror / Backlink Sites,"Spam, Scraper, Syndication, SEO-Poisoning & Low-Trust",D,unverified,fetch blocked 2026-09-05 (anti-bot),"registry/seed SEED_INDEX_FROM_DUMP.md; Random Zazie Productions links .pdf (""spam sites"" block)",Not bypassed per policy; left unverified.
LT-027,YT-MIRROR,SUSPICIOUS-MIRROR,https://lu.etvplayvideos.com/UX2kv3G89Jw/v,lu.etvplayvideos.com,Zazie Productions,pre-existing (master + seed + dump),Video Mirror / Backlink Sites,"Spam, Scraper, Syndication, SEO-Poisoning & Low-Trust",D,unverified,"not individually probed this pass (cluster sample: deturl live w/ name, gazeta 404, clipzag 500, topsheet embed-only)","registry/seed SEED_INDEX_FROM_DUMP.md; Random Zazie Productions links .pdf (""spam sites"" block)","Auto-embed YouTube mirror of video UX2kv3G89Jw (""Phantom Requiem""); name appears via scraped video metadata only."
LT-028,YT-MIRROR,SUSPICIOUS-MIRROR,https://lu.etvplayvideos.com/UX2kv3G89Jw/video-not-available,lu.etvplayvideos.com,Zazie Productions,pre-existing (master + seed + dump),Video Mirror / Backlink Sites,"Spam, Scraper, Syndication, SEO-Poisoning & Low-Trust",D,unverified,"not individually probed this pass (cluster sample: deturl live w/ name, gazeta 404, clipzag 500, topsheet embed-only)","registry/seed SEED_INDEX_FROM_DUMP.md; Random Zazie Productions links .pdf (""spam sites"" block)","Auto-embed YouTube mirror of video UX2kv3G89Jw (""Phantom Requiem""); name appears via scraped video metadata only."
LT-029,YT-MIRROR,SUSPICIOUS-MIRROR,https://lu.etvplayvideos.com/UX2kv3G89Jw/w,lu.etvplayvideos.com,Zazie Productions,pre-existing (master + seed + dump),Video Mirror / Backlink Sites,"Spam, Scraper, Syndication, SEO-Poisoning & Low-Trust",D,unverified,"not individually probed this pass (cluster sample: deturl live w/ name, gazeta 404, clipzag 500, topsheet embed-only)","registry/seed SEED_INDEX_FROM_DUMP.md; Random Zazie Productions links .pdf (""spam sites"" block)","Auto-embed YouTube mirror of video UX2kv3G89Jw (""Phantom Requiem""); name appears via scraped video metadata only."
LT-030,YT-MIRROR,TOOL-MIRROR,https://pakvim.net/watch/UX2kv3G89Jw,pakvim.net,Zazie Productions,pre-existing (master + seed + dump),Video Mirror / Backlink Sites,"Spam, Scraper, Syndication, SEO-Poisoning & Low-Trust",D,unverified,"not individually probed this pass (cluster sample: deturl live w/ name, gazeta 404, clipzag 500, topsheet embed-only)","registry/seed SEED_INDEX_FROM_DUMP.md; Random Zazie Productions links .pdf (""spam sites"" block)","Auto-embed YouTube mirror of video UX2kv3G89Jw (""Phantom Requiem""); name appears via scraped video metadata only."
LT-031,YT-MIRROR,INJECTED-EMBED,https://polsy.org.uk/play/yt/?vurl=https://www.youtube.com/watch?v=UX2kv3G89Jw,polsy.org.uk,Zazie Productions,pre-existing (master + seed + dump),Video Mirror / Backlink Sites,"Spam, Scraper, Syndication, SEO-Poisoning & Low-Trust",D,unverified,"not individually probed this pass (cluster sample: deturl live w/ name, gazeta 404, clipzag 500, topsheet embed-only)","registry/seed SEED_INDEX_FROM_DUMP.md; Random Zazie Productions links .pdf (""spam sites"" block)","Auto-embed YouTube mirror of video UX2kv3G89Jw (""Phantom Requiem""); name appears via scraped video metadata only."
LT-032,YT-MIRROR,TOOL-MIRROR,https://salda.ws/video.php?id=UX2kv3G89Jw,salda.ws,Zazie Productions,pre-existing (master + seed + dump),Video Mirror / Backlink Sites,"Spam, Scraper, Syndication, SEO-Poisoning & Low-Trust",D,unverified,"not individually probed this pass (cluster sample: deturl live w/ name, gazeta 404, clipzag 500, topsheet embed-only)","registry/seed SEED_INDEX_FROM_DUMP.md; Random Zazie Productions links .pdf (""spam sites"" block)","Auto-embed YouTube mirror of video UX2kv3G89Jw (""Phantom Requiem""); name appears via scraped video metadata only."
LT-033,YT-MIRROR,TOOL-MIRROR,https://socialcounts.org/youtube-video-live-view-count/UX2kv3G89Jw,socialcounts.org,Zazie Productions,pre-existing (master + seed + dump),Video Mirror / Backlink Sites,"Spam, Scraper, Syndication, SEO-Poisoning & Low-Trust",D,unverified,"not individually probed this pass (cluster sample: deturl live w/ name, gazeta 404, clipzag 500, topsheet embed-only)","registry/seed SEED_INDEX_FROM_DUMP.md; Random Zazie Productions links .pdf (""spam sites"" block)","Auto-embed YouTube mirror of video UX2kv3G89Jw (""Phantom Requiem""); name appears via scraped video metadata only."
LT-034,YT-MIRROR,UNKNOWN-MIRROR,https://thewikihow.com/video_UX2kv3G89Jw,thewikihow.com,Zazie Productions,pre-existing (master + seed + dump),Video Mirror / Backlink Sites,"Spam, Scraper, Syndication, SEO-Poisoning & Low-Trust",D,unverified,"not individually probed this pass (cluster sample: deturl live w/ name, gazeta 404, clipzag 500, topsheet embed-only)","registry/seed SEED_INDEX_FROM_DUMP.md; Random Zazie Productions links .pdf (""spam sites"" block)","Auto-embed YouTube mirror of video UX2kv3G89Jw (""Phantom Requiem""); name appears via scraped video metadata only."
LT-035,YT-MIRROR,TOOL-MIRROR,https://video.link/watch?v=UX2kv3G89Jw,video.link,Zazie Productions,pre-existing (master + seed + dump),Video Mirror / Backlink Sites,"Spam, Scraper, Syndication, SEO-Poisoning & Low-Trust",D,unverified,"not individually probed this pass (cluster sample: deturl live w/ name, gazeta 404, clipzag 500, topsheet embed-only)","registry/seed SEED_INDEX_FROM_DUMP.md; Random Zazie Productions links .pdf (""spam sites"" block)","Auto-embed YouTube mirror of video UX2kv3G89Jw (""Phantom Requiem""); name appears via scraped video metadata only."
LT-036,YT-MIRROR,TOOL-MIRROR,https://viewsync-2.appspot.com/player.html?v=UX2kv3G89Jw,viewsync-2.appspot.com,Zazie Productions,pre-existing (master + seed + dump),Video Mirror / Backlink Sites,"Spam, Scraper, Syndication, SEO-Poisoning & Low-Trust",D,unverified,"not individually probed this pass (cluster sample: deturl live w/ name, gazeta 404, clipzag 500, topsheet embed-only)","registry/seed SEED_INDEX_FROM_DUMP.md; Random Zazie Productions links .pdf (""spam sites"" block)","Auto-embed YouTube mirror of video UX2kv3G89Jw (""Phantom Requiem""); name appears via scraped video metadata only."
LT-037,YT-MIRROR,TOOL-MIRROR,https://viewsync.net/watch?v=UX2kv3G89Jw&t=0&mode=solo&autoplay=false,viewsync.net,Zazie Productions,pre-existing (master + seed + dump),Video Mirror / Backlink Sites,"Spam, Scraper, Syndication, SEO-Poisoning & Low-Trust",D,unverified,"not individually probed this pass (cluster sample: deturl live w/ name, gazeta 404, clipzag 500, topsheet embed-only)","registry/seed SEED_INDEX_FROM_DUMP.md; Random Zazie Productions links .pdf (""spam sites"" block)","Auto-embed YouTube mirror of video UX2kv3G89Jw (""Phantom Requiem""); name appears via scraped video metadata only."
LT-038,YT-MIRROR,SUSPICIOUS-MIRROR,https://www.clipzui.fun/video/64f3a4n3t2j5x3y3c4o553.html,clipzui.fun,Zazie Productions,pre-existing (master + seed + dump),Video Mirror / Backlink Sites,"Spam, Scraper, Syndication, SEO-Poisoning & Low-Trust",D,unverified,"not individually probed this pass (cluster sample: deturl live w/ name, gazeta 404, clipzag 500, topsheet embed-only)","registry/seed SEED_INDEX_FROM_DUMP.md; Random Zazie Productions links .pdf (""spam sites"" block)","Auto-embed YouTube mirror of video UX2kv3G89Jw (""Phantom Requiem""); name appears via scraped video metadata only."
LT-039,YT-MIRROR,INJECTED-EMBED,https://www.hribi.net/video_youtube/startup-summit%20/UX2kv3G89Jw,hribi.net,Zazie Productions,pre-existing (master + seed + dump),Video Mirror / Backlink Sites,"Spam, Scraper, Syndication, SEO-Poisoning & Low-Trust",D,unverified,"not individually probed this pass (cluster sample: deturl live w/ name, gazeta 404, clipzag 500, topsheet embed-only)","registry/seed SEED_INDEX_FROM_DUMP.md; Random Zazie Productions links .pdf (""spam sites"" block)","Auto-embed YouTube mirror of video UX2kv3G89Jw (""Phantom Requiem""); name appears via scraped video metadata only."
LT-040,YT-MIRROR,INJECTED-EMBED,https://www.hribi.net/video_youtube/watch/UX2kv3G89Jw,hribi.net,Zazie Productions,pre-existing (master + seed + dump),Video Mirror / Backlink Sites,"Spam, Scraper, Syndication, SEO-Poisoning & Low-Trust",D,unverified,"not individually probed this pass (cluster sample: deturl live w/ name, gazeta 404, clipzag 500, topsheet embed-only)","registry/seed SEED_INDEX_FROM_DUMP.md; Random Zazie Productions links .pdf (""spam sites"" block)","Auto-embed YouTube mirror of video UX2kv3G89Jw (""Phantom Requiem""); name appears via scraped video metadata only."
LT-041,YT-MIRROR,INJECTED-EMBED,https://www.musiclessons.com/youtube/watch?v=UX2kv3G89Jw,musiclessons.com,Zazie Productions,pre-existing (master + seed + dump),Video Mirror / Backlink Sites,"Spam, Scraper, Syndication, SEO-Poisoning & Low-Trust",D,unverified,"not individually probed this pass (cluster sample: deturl live w/ name, gazeta 404, clipzag 500, topsheet embed-only)","registry/seed SEED_INDEX_FROM_DUMP.md; Random Zazie Productions links .pdf (""spam sites"" block)","Auto-embed YouTube mirror of video UX2kv3G89Jw (""Phantom Requiem""); name appears via scraped video metadata only."
LT-042,YT-MIRROR,INJECTED-EMBED,https://www.newtv.co.th/demo/web/video.php?v=UX2kv3G89Jw,newtv.co.th,Zazie Productions,pre-existing (master + seed + dump),Video Mirror / Backlink Sites,"Spam, Scraper, Syndication, SEO-Poisoning & Low-Trust",D,unverified,"not individually probed this pass (cluster sample: deturl live w/ name, gazeta 404, clipzag 500, topsheet embed-only)","registry/seed SEED_INDEX_FROM_DUMP.md; Random Zazie Productions links .pdf (""spam sites"" block)","Auto-embed YouTube mirror of video UX2kv3G89Jw (""Phantom Requiem""); name appears via scraped video metadata only."
LT-043,YT-MIRROR,SUSPICIOUS-MIRROR,https://www.nsfwyoutube.com/watch?v=UX2kv3G89Jw,nsfwyoutube.com,Zazie Productions,pre-existing (master + seed + dump),Video Mirror / Backlink Sites,"Spam, Scraper, Syndication, SEO-Poisoning & Low-Trust",D,unverified,"not individually probed this pass (cluster sample: deturl live w/ name, gazeta 404, clipzag 500, topsheet embed-only)","registry/seed SEED_INDEX_FROM_DUMP.md; Random Zazie Productions links .pdf (""spam sites"" block)","Auto-embed YouTube mirror of video UX2kv3G89Jw (""Phantom Requiem""); name appears via scraped video metadata only."
LT-044,YT-MIRROR,INJECTED-EMBED,https://www.stb.hu/youtube/UX2kv3G89Jw,stb.hu,Zazie Productions,pre-existing (master + seed + dump),Video Mirror / Backlink Sites,"Spam, Scraper, Syndication, SEO-Poisoning & Low-Trust",D,unverified,"not individually probed this pass (cluster sample: deturl live w/ name, gazeta 404, clipzag 500, topsheet embed-only)","registry/seed SEED_INDEX_FROM_DUMP.md; Random Zazie Productions links .pdf (""spam sites"" block)","Auto-embed YouTube mirror of video UX2kv3G89Jw (""Phantom Requiem""); name appears via scraped video metadata only."
LT-045,YT-MIRROR,INJECTED-EMBED,https://www.topsheetmusic.eu/sysmusic/templates/youtube.php?v=UX2kv3G89Jw,topsheetmusic.eu,Zazie Productions,pre-existing (master + seed + dump),Video Mirror / Backlink Sites,"Spam, Scraper, Syndication, SEO-Poisoning & Low-Trust",D,verified-partial,live 2026-09-05; bare player embed; exact string only in iframe video title,"registry/seed SEED_INDEX_FROM_DUMP.md; Random Zazie Productions links .pdf (""spam sites"" block)",Misused template path on a music-site; page renders video only.
LT-046,YT-MIRROR,INJECTED-EMBED,https://www.tvonlayn.ru/video/UX2kv3G89Jw,tvonlayn.ru,Zazie Productions,pre-existing (master + seed + dump),Video Mirror / Backlink Sites,"Spam, Scraper, Syndication, SEO-Poisoning & Low-Trust",D,unverified,"not individually probed this pass (cluster sample: deturl live w/ name, gazeta 404, clipzag 500, topsheet embed-only)","registry/seed SEED_INDEX_FROM_DUMP.md; Random Zazie Productions links .pdf (""spam sites"" block)","Auto-embed YouTube mirror of video UX2kv3G89Jw (""Phantom Requiem""); name appears via scraped video metadata only."
LT-047,YT-MIRROR,TOOL-MIRROR,https://www.vtomb.com/?watch=UX2kv3G89Jw,vtomb.com,Zazie Productions,pre-existing (master + seed + dump),Video Mirror / Backlink Sites,"Spam, Scraper, Syndication, SEO-Poisoning & Low-Trust",D,unverified,"not individually probed this pass (cluster sample: deturl live w/ name, gazeta 404, clipzag 500, topsheet embed-only)","registry/seed SEED_INDEX_FROM_DUMP.md; Random Zazie Productions links .pdf (""spam sites"" block)","Auto-embed YouTube mirror of video UX2kv3G89Jw (""Phantom Requiem""); name appears via scraped video metadata only."
LT-048,YT-MIRROR,TOOL-MIRROR,https://www.vtomb.com/video/UX2kv3G89Jw,vtomb.com,Zazie Productions,pre-existing (master + seed + dump),Video Mirror / Backlink Sites,"Spam, Scraper, Syndication, SEO-Poisoning & Low-Trust",D,unverified,"not individually probed this pass (cluster sample: deturl live w/ name, gazeta 404, clipzag 500, topsheet embed-only)","registry/seed SEED_INDEX_FROM_DUMP.md; Random Zazie Productions links .pdf (""spam sites"" block)","Auto-embed YouTube mirror of video UX2kv3G89Jw (""Phantom Requiem""); name appears via scraped video metadata only."
LT-049,YT-MIRROR,EMBED-CANONICAL,https://www.youtube-nocookie.com/embed/UX2kv3G89Jw,youtube-nocookie.com,Zazie Productions,pre-existing (master + seed + dump),Video Mirror / Backlink Sites,"Spam, Scraper, Syndication, SEO-Poisoning & Low-Trust",D,unverified,"not individually probed this pass (cluster sample: deturl live w/ name, gazeta 404, clipzag 500, topsheet embed-only)","registry/seed SEED_INDEX_FROM_DUMP.md; Random Zazie Productions links .pdf (""spam sites"" block)","Auto-embed YouTube mirror of video UX2kv3G89Jw (""Phantom Requiem""); name appears via scraped video metadata only."
LT-050,YT-MIRROR,TOOL-MIRROR,https://www.youtuberepeater.com/watch?v=UX2kv3G89Jw#gsc.tab=0,youtuberepeater.com,Zazie Productions,pre-existing (master + seed + dump),Video Mirror / Backlink Sites,"Spam, Scraper, Syndication, SEO-Poisoning & Low-Trust",D,unverified,"not individually probed this pass (cluster sample: deturl live w/ name, gazeta 404, clipzag 500, topsheet embed-only)","registry/seed SEED_INDEX_FROM_DUMP.md; Random Zazie Productions links .pdf (""spam sites"" block)","Auto-embed YouTube mirror of video UX2kv3G89Jw (""Phantom Requiem""); name appears via scraped video metadata only."
LT-051,YT-MIRROR,TOOL-MIRROR,https://www.ytrepeat.com/watch/?v=UX2kv3G89Jw,ytrepeat.com,Zazie Productions,pre-existing (master + seed + dump),Video Mirror / Backlink Sites,"Spam, Scraper, Syndication, SEO-Poisoning & Low-Trust",D,unverified,"not individually probed this pass (cluster sample: deturl live w/ name, gazeta 404, clipzag 500, topsheet embed-only)","registry/seed SEED_INDEX_FROM_DUMP.md; Random Zazie Productions links .pdf (""spam sites"" block)","Auto-embed YouTube mirror of video UX2kv3G89Jw (""Phantom Requiem""); name appears via scraped video metadata only."
LT-052,YT-MIRROR,TOOL-MIRROR,https://yewtu.be/watch?v=UX2kv3G89Jw,yewtu.be,Zazie Productions,pre-existing (master + seed + dump),Video Mirror / Backlink Sites,"Spam, Scraper, Syndication, SEO-Poisoning & Low-Trust",D,unverified,"not individually probed this pass (cluster sample: deturl live w/ name, gazeta 404, clipzag 500, topsheet embed-only)","registry/seed SEED_INDEX_FROM_DUMP.md; Random Zazie Productions links .pdf (""spam sites"" block)","Auto-embed YouTube mirror of video UX2kv3G89Jw (""Phantom Requiem""); name appears via scraped video metadata only."
LT-053,YT-MIRROR,TOOL-MIRROR,https://youplay.nimtools.com/watch/?v=UX2kv3G89Jw,youplay.nimtools.com,Zazie Productions,pre-existing (master + seed + dump),Video Mirror / Backlink Sites,"Spam, Scraper, Syndication, SEO-Poisoning & Low-Trust",D,unverified,"not individually probed this pass (cluster sample: deturl live w/ name, gazeta 404, clipzag 500, topsheet embed-only)","registry/seed SEED_INDEX_FROM_DUMP.md; Random Zazie Productions links .pdf (""spam sites"" block)","Auto-embed YouTube mirror of video UX2kv3G89Jw (""Phantom Requiem""); name appears via scraped video metadata only."
LT-054,YT-MIRROR,TYPOSQUAT-MIRROR,https://youtubu.tv/watch?v=UX2kv3G89Jw,youtubu.tv,Zazie Productions,pre-existing (master + seed + dump),Video Mirror / Backlink Sites,"Spam, Scraper, Syndication, SEO-Poisoning & Low-Trust",D,unverified,"not individually probed this pass (cluster sample: deturl live w/ name, gazeta 404, clipzag 500, topsheet embed-only)","registry/seed SEED_INDEX_FROM_DUMP.md; Random Zazie Productions links .pdf (""spam sites"" block)","Auto-embed YouTube mirror of video UX2kv3G89Jw (""Phantom Requiem""); name appears via scraped video metadata only."
LT-055,YT-MIRROR,TOOL-PROFILE-MIRROR,https://yt.nimlinks.com/@zazieproductions,yt.nimlinks.com,Zazie Productions,pre-existing (master + seed + dump),Video Mirror / Backlink Sites,"Spam, Scraper, Syndication, SEO-Poisoning & Low-Trust",D,unverified,"not individually probed this pass (cluster sample: deturl live w/ name, gazeta 404, clipzag 500, topsheet embed-only)","registry/seed SEED_INDEX_FROM_DUMP.md; Random Zazie Productions links .pdf (""spam sites"" block)","Auto-embed YouTube mirror of video UX2kv3G89Jw (""Phantom Requiem""); name appears via scraped video metadata only."
LT-056,YT-MIRROR,TOOL-PROFILE-MIRROR,https://yt.nimlinks.com/UX2kv3G89Jw,yt.nimlinks.com,Zazie Productions,pre-existing (master + seed + dump),Video Mirror / Backlink Sites,"Spam, Scraper, Syndication, SEO-Poisoning & Low-Trust",D,unverified,"not individually probed this pass (cluster sample: deturl live w/ name, gazeta 404, clipzag 500, topsheet embed-only)","registry/seed SEED_INDEX_FROM_DUMP.md; Random Zazie Productions links .pdf (""spam sites"" block)","Auto-embed YouTube mirror of video UX2kv3G89Jw (""Phantom Requiem""); name appears via scraped video metadata only."
LT-057,PIRATE-SCRAPE,PIRATE-SCRAPE,https://box.hitplayer.ru/?s=zazie,box.hitplayer.ru,Zazie Productions,pre-existing (master) — moved this pass,Streaming & Music Platforms,"Spam, Scraper, Syndication, SEO-Poisoning & Low-Trust",D,verified,"live 2026-09-05; title ""Zazie Productions — скачать или слушать онлайн"", 186 scraped tracks mixed with French-singer Zazie noise","registry/seed SEED_INDEX_FROM_DUMP.md; Random Zazie Productions links .pdf (""spam sites"" block)",HotPlayer pirate search/listen index page; malformed directory mixing unrelated artists.
LT-058,AUTOGEN-DATA,AUTOGEN-METADATA,https://credits.muso.ai/profile/4010f3b7-9a87-4961-8dfd-917de0ba787e,credits.muso.ai,Zazie Productions,pre-existing (master) — moved this pass,Profiles & Catalogs,"Spam, Scraper, Syndication, SEO-Poisoning & Low-Trust",D,unverified,not probed this pass,"registry/seed SEED_INDEX_FROM_DUMP.md; Random Zazie Productions links .pdf (""spam sites"" block)",Auto-cloned Spotify credits profile.
LT-059,AUTOGEN-DATA,AUTOGEN-SEARCHURL,https://songdata.io/search?query=Zazie+Productions+,songdata.io,Zazie Productions,pre-existing (master) — moved this pass,Streaming & Music Platforms,"Spam, Scraper, Syndication, SEO-Poisoning & Low-Trust",D,broken,fetch failed 2026-09-05 (host unreachable),"registry/seed SEED_INDEX_FROM_DUMP.md; Random Zazie Productions links .pdf (""spam sites"" block)",Was a search-query URL (not a stable record); removed from Streaming & Music Platforms.
LT-060,AUTOGEN-DATA,AUTOGEN-SEARCHURL,https://thirdeyemusic.co.uk/?name=Zazie_Productions&dir=tracks,thirdeyemusic.co.uk,Zazie Productions,pre-existing (master) — moved this pass,Streaming & Music Platforms,"Spam, Scraper, Syndication, SEO-Poisoning & Low-Trust",D,broken,fetch failed 2026-09-05 (host unreachable),"registry/seed SEED_INDEX_FROM_DUMP.md; Random Zazie Productions links .pdf (""spam sites"" block)","Auto directory-listing URL (?name=...&dir=tracks), not a curated record."
LT-061,AUTOGEN-DATA,PLATFORM-REPUB,https://www.boomplay.com/albums/66891844,boomplay.com,Zazie Productions,register-only (no master row change),register-only (deduped against lyrics row),register-only (deduped against lyrics row),—,see note,"""Miraculously Unhurt ... download for offline on Boomplay"" auto album page; exact string in description JSON-LD (byArtist: Zazie Productions).",low-trust pass 2026-09-05,"""Miraculously Unhurt ... download for offline on Boomplay"" auto album page; exact string in description JSON-LD (byArtist: Zazie Productions)."
LT-062,AUTOGEN-DATA,PLATFORM-REPUB,https://www.boomplay.com/artists/46971970,boomplay.com,Zazie Productions,register-only (no master row change),retained in Streaming & Music Platforms,retained in Streaming & Music Platforms,—,see note,"Artist page auto-filled from distributor metadata. The lyrics subpage (66891844 album page + 151661449 lyrics) are the spammy surfaces: album page 66891844 recorded register-only (""Download ... for FREE"" boilerplate), lyrics page promoted to a master row.",low-trust pass 2026-09-05,"Artist page auto-filled from distributor metadata. The lyrics subpage (66891844 album page + 151661449 lyrics) are the spammy surfaces: album page 66891844 recorded register-only (""Download ... for FREE"" boilerplate), lyrics page promoted to a master row."
LT-063,AUTOGEN-DATA,AUTOGEN-METADATA,https://www.boomplay.com/lyrics/151661449,boomplay.com,Zazie Productions,NEW this pass (web_search exact-phrase sweep),(new),"Spam, Scraper, Syndication, SEO-Poisoning & Low-Trust",D,search-index verified,"search snippet 2026-09-05: ""Goodnight, Farewell lyrics by Zazie Productions, listen and download latest songs of Zazie Productions with lyrics on Boomplay""",low-trust pass 2026-09-05,"Auto lyrics + ""download for FREE"" boilerplate republication (also album page 66891844 with ""Download ... MP3 songs online free"" pattern; recorded register-only to respect dedupe)."
LT-064,AUTOGEN-DATA,PAYTOPLAY-DIRECTORY,https://www.breakinghits.app/zazieproductions/,breakinghits.app,Zazie Productions,pre-existing (master) — moved this pass,Streaming & Music Platforms,"Spam, Scraper, Syndication, SEO-Poisoning & Low-Trust",D,verified,"live 2026-09-05; invite wall shows ""Check out Zazie Productions on BREAKING HITS"" (reCAPTCHA untouched)","registry/seed SEED_INDEX_FROM_DUMP.md; Random Zazie Productions links .pdf (""spam sites"" block)",Pay-to-play chart/promo platform; profile behind invite wall.
LT-065,AUTOGEN-DATA,AUTOGEN-METADATA,https://www.chosic.com/artist/zazie-productions/4UOgvZEOo7xBhFBjJvlMm0/,chosic.com,Zazie Productions,pre-existing (master) — moved this pass,Streaming & Music Platforms,"Spam, Scraper, Syndication, SEO-Poisoning & Low-Trust",D,unverified,fetch failed 2026-09-05 (blocked),"registry/seed SEED_INDEX_FROM_DUMP.md; Random Zazie Productions links .pdf (""spam sites"" block)",Auto-generated artist page cloned from Spotify metadata.
LT-066,AUTOGEN-DATA,AUTOGEN-METADATA,https://www.viberate.com/artist/zazie-productions/,viberate.com,Zazie Productions,pre-existing (master) — moved this pass,Profiles & Catalogs,"Spam, Scraper, Syndication, SEO-Poisoning & Low-Trust",D,verified,live 2026-09-05; exact string in title/body,"registry/seed SEED_INDEX_FROM_DUMP.md; Random Zazie Productions links .pdf (""spam sites"" block)","Machine-written stats SEO copy (mislabels genre ""avant-garde jazz""; boilerplate Q&A; ""email us to update your bio"")."
LT-067,PASTE-REPUB,FABRICATED-ATTRIB,https://anotepad.com/notes/5246g357,anotepad.com,Zazie Productions,pre-existing (master) — moved this pass,"Community, Wiki & Fan Indexes","Spam, Scraper, Syndication, SEO-Poisoning & Low-Trust",D,verified,page live 2026-09-05; title/body carry exact string,"registry/seed SEED_INDEX_FROM_DUMP.md; Random Zazie Productions links .pdf (""spam sites"" block)","Paste-essay attributing invented ""Dr. Oliver K. Thornton, PhD, Univ. of Cambridge"" + non-existent journals (The Journal of Experimental Sound and Emotion 2023, QPA/SFM theories). Auto-generated or persona fiction; treat biographical claims as void."
LT-068,PASTE-REPUB,PASTE-REPUB,https://justpaste.it/gepby,justpaste.it,Zazie Productions,pre-existing (master) — moved this pass,Profiles & Catalogs,"Spam, Scraper, Syndication, SEO-Poisoning & Low-Trust",D,verified,"page live 2026-09-05; anonymous PR paste Feb 12 2025, 7 visits","registry/seed SEED_INDEX_FROM_DUMP.md; Random Zazie Productions links .pdf (""spam sites"" block)","Anonymous PR repost (""Greetings From Tinsel Time"": A Subversive Holiday Classic...) with unverifiable quotes from ""The New York Institute of Sound Theory"" etc. Not editorial coverage."
LT-069,PASTE-REPUB,PASTE-REPUB,https://mlx.su/paste/view/26990c6b,mlx.su,Zazie Productions,pre-existing (master) — moved this pass,"Community, Wiki & Fan Indexes","Spam, Scraper, Syndication, SEO-Poisoning & Low-Trust",D,broken,HTTP 410 Gone 2026-09-05 — paste deleted upstream,"registry/seed SEED_INDEX_FROM_DUMP.md; Random Zazie Productions links .pdf (""spam sites"" block)",Pastebin republication (dump listed it among profile/paste material); now 410. Recorded for provenance; the underlying paste content was never captured in the dump.
LT-070,RSS-SYNDICATION,PR-FEED-REPUB,https://comunicati.musicalive.net/c/cant-get-my-eyes-off-you-123,comunicati.musicalive.net,Zazie Productions,pre-existing (master) — moved this pass,Press & Editorial,"Spam, Scraper, Syndication, SEO-Poisoning & Low-Trust",D,broken,URL now redirects to musicalive.net homepage 2026-09-05,"registry/seed SEED_INDEX_FROM_DUMP.md; Random Zazie Productions links .pdf (""spam sites"" block)","Italian promo agency auto-reposting press-release feeds; PR republication, not editorial. Was mis-tiered Press&A in the dump."
LT-071,RSS-SYNDICATION,RSS-SYNDICATION,https://www.rsssearchhub.com/feed/1185189bcc80cd02d670a3aaae58ebf3/city-portland-mercury,rsssearchhub.com,Zazie Productions,pre-existing (master) — moved this pass,"Community, Wiki & Fan Indexes","Spam, Scraper, Syndication, SEO-Poisoning & Low-Trust",D,broken,"live host but page returns ""Unrecoverable error"" (crashed DB) 2026-09-05","registry/seed SEED_INDEX_FROM_DUMP.md; Random Zazie Productions links .pdf (""spam sites"" block)",RSS feed republisher; feed page currently erroring. Flagged as suspected spam already in seed.
LT-072,RSS-SYNDICATION,AUTO-AGGREGATOR,https://www.trendingbot.org/topic/418115_klerksdorp,trendingbot.org,Zazie Productions,pre-existing (master) — moved this pass,"Community, Wiki & Fan Indexes","Spam, Scraper, Syndication, SEO-Poisoning & Low-Trust",D,broken,host unreachable 2026-09-05,"registry/seed SEED_INDEX_FROM_DUMP.md; Random Zazie Productions links .pdf (""spam sites"" block)",Bot-generated topic aggregation page. Flagged in seed spam cluster.
LT-073,LEGACY-MIRROR,LEGACY-MIRROR,https://r.darrennathanael.com/r/Album_Cover_Art/comments/1i5wjf8/zazie_productions_to_halt_space_adrift_2023/,r.darrennathanael.com,Zazie Productions,pre-existing (master) — moved this pass,"Community, Wiki & Fan Indexes","Spam, Scraper, Syndication, SEO-Poisoning & Low-Trust",D,broken,HTTP 500 2026-09-05,"registry/seed SEED_INDEX_FROM_DUMP.md; Random Zazie Productions links .pdf (""spam sites"" block)",Dead old-reddit proxy mirror of a legit r/Album_Cover_Art thread; mirror itself carries no independent value.
LT-074,LEGACY-MIRROR,SYNDICATION-MIRROR,https://rant.li/scienceinnovation/zazie-productions-researcher-sonic-engineer-and-theorist-of,rant.li,Zazie Productions,pre-existing (master) — moved this pass,Press & Editorial,"Spam, Scraper, Syndication, SEO-Poisoning & Low-Trust",D,unverified,not visited this pass,"registry/seed SEED_INDEX_FROM_DUMP.md; Random Zazie Productions links .pdf (""spam sites"" block)","Defunct Medium mirror of a self-published Medium essay (""researcher, sonic engineer, and theorist...""). Not independent press."
LT-075,LEGACY-MIRROR,SYNDICATION-MIRROR,https://wiki2.org/en/List_of_experimental_musicians,wiki2.org,Zazie Productions,register-only (no master row change),"retained in Community, Wiki & Fan Indexes","retained in Community, Wiki & Fan Indexes",—,see note,"Wikipedia ""List of experimental musicians"" scraper-mirror; 📼 class per docs/01. Original article not separately cataloged — mirror row remains the census evidence of the list inclusion.",low-trust pass 2026-09-05,"Wikipedia ""List of experimental musicians"" scraper-mirror; 📼 class per docs/01. Original article not separately cataloged — mirror row remains the census evidence of the list inclusion."
LT-076,LEGACY-MIRROR,SYNDICATION-MIRROR,https://wikigit.org/wiki/List_of_experimental_musicians,wikigit.org,Zazie Productions,register-only (no master row change),"retained in Community, Wiki & Fan Indexes","retained in Community, Wiki & Fan Indexes",—,see note,Same Wikipedia mirror family.,low-trust pass 2026-09-05,Same Wikipedia mirror family.
LT-077,LEGACY-MIRROR,SYNDICATION-MIRROR,https://wikimili.com/en/List_of_experimental_musicians,wikimili.com,Zazie Productions,register-only (no master row change),"retained in Community, Wiki & Fan Indexes","retained in Community, Wiki & Fan Indexes",—,see note,Same Wikipedia mirror family.,low-trust pass 2026-09-05,Same Wikipedia mirror family.
LT-078,LEGACY-MIRROR,SYNDICATION-MIRROR,https://www.wikiwand.com/en/articles/List_of_experimental_musicians,wikiwand.com,Zazie Productions,register-only (no master row change),"retained in Community, Wiki & Fan Indexes","retained in Community, Wiki & Fan Indexes",—,see note,Styled reader mirror (semi-legit product); 📼 class.,low-trust pass 2026-09-05,Styled reader mirror (semi-legit product); 📼 class.
LT-079,BOT-UGC,BOT-REPOST,https://www.tiktok.com/@usery..y..yulles/video/7453287097533746450,tiktok.com,Zazie Productions,pre-existing (master) — moved this pass,"Community, Wiki & Fan Indexes","Spam, Scraper, Syndication, SEO-Poisoning & Low-Trust",D,unverified,not visited this pass (platform bot-wall),"registry/seed SEED_INDEX_FROM_DUMP.md; Random Zazie Productions links .pdf (""spam sites"" block)","Spammy user handle re-posting the Phantom Requiem video; flagged under ""spam sites"" in the dump."
LT-080,REVIEW-KEPT,KEPT-BORDERLINE,https://app.notion.com/p/18c89e259c3c813baf39c100d3f2fe69?pvs=21,app.notion.com,Zazie Productions,register-only (no master row change),"retained in Community, Wiki & Fan Indexes","retained in Community, Wiki & Fan Indexes",—,see note,Notion publish page; likely artist-self-published (In-Your-Eyes e-zine family). Not parasitic; unverified.,low-trust pass 2026-09-05,Notion publish page; likely artist-self-published (In-Your-Eyes e-zine family). Not parasitic; unverified.
LT-081,REVIEW-KEPT,KEPT-BORDERLINE,https://app.notion.com/p/In-Your-Eyes-E-Zine-19989e259c3c8057bf81d66c6ab9903c?pvs=21,app.notion.com,Zazie Productions,register-only (no master row change),"retained in Community, Wiki & Fan Indexes","retained in Community, Wiki & Fan Indexes",—,see note,"Artist e-zine Notion publication — self-published, kept out of low-trust.",low-trust pass 2026-09-05,"Artist e-zine Notion publication — self-published, kept out of low-trust."
LT-082,REVIEW-KEPT,REVIEW-KEPT,https://codex.churchofmalware.org/researchers/ed001/zazie/,codex.churchofmalware.org,Zazie Productions,"pre-existing (seed-only, never in master) — added",(new),"Community, Wiki & Fan Indexes",C,verified,"live 2026-09-05; ""ZAZIE PRODUCTIONS · Poison, The Well, Adversarial Audio, and Machine Learning · Edition I — Summer 2026""","registry/seed SEED_INDEX_FROM_DUMP.md; Random Zazie Productions links .pdf (""spam sites"" block)","Seed flagged it as suspected spam; direct read shows a net-art collective ""researcher"" codex page linking the official Linktree. Not parasitic. Added to Community bucket for coverage; NOT spam."
LT-083,REVIEW-KEPT,KEPT-BORDERLINE,https://getmusic.fm/r/various-artists-moon-musiq-untitled,getmusic.fm,Zazie Productions,register-only (no master row change),retained in Streaming & Music Platforms,retained in Streaming & Music Platforms,—,see note,"Legit bandcamp-code aggregator; kept in Streaming & Music Platforms, recorded here as borderline auto-replica.",low-trust pass 2026-09-05,"Legit bandcamp-code aggregator; kept in Streaming & Music Platforms, recorded here as borderline auto-replica."
LT-084,REVIEW-KEPT,KEPT-BORDERLINE,https://perchance.org/zazieproductions,perchance.org,Zazie Productions,register-only (no master row change),retained in Profiles & Catalogs,retained in Profiles & Catalogs,—,see note,"User-generated perchance page; low effort but appears fan/self-made, not injected.",low-trust pass 2026-09-05,"User-generated perchance page; low effort but appears fan/self-made, not injected."
LT-085,REVIEW-KEPT,KEPT-BORDERLINE,https://www.senscritique.com/contact/Zazie_Productions/7375565,senscritique.com,Zazie Productions,register-only (no master row change),"retained in Community, Wiki & Fan Indexes","retained in Community, Wiki & Fan Indexes",—,see note,Autopilot/Allocine-family contact stub under underscore form; underscore variant alone does not count (README two-name rule); kept as visibility only.,low-trust pass 2026-09-05,Autopilot/Allocine-family contact stub under underscore form; underscore variant alone does not count (README two-name rule); kept as visibility only.
LT-086,REVIEW-KEPT,KEPT-BORDERLINE,https://www.stage32.com/media/3838211664293930413,stage32.com,Zazie Productions,register-only (no master row change),retained in Video Mirror / Backlink Sites,retained in Video Mirror / Backlink Sites,—,see note,"Verified profile video page (""Score by Zazie Kanwar-Torge A.K.A Zazie...""); real professional platform — NOT low-trust despite prior category.",low-trust pass 2026-09-05,"Verified profile video page (""Score by Zazie Kanwar-Torge A.K.A Zazie...""); real professional platform — NOT low-trust despite prior category."
LT-087,LEADS-UNRESOLVED,SPAM-LIST-LEAD,https://paste2.org/zgjMW539,paste2.org,Zazie Kanwar-Torge,register-only (no master row change),LEAD ONLY — never counted,LEAD ONLY — never counted,—,see note,"paste2 list of backlink/comment-spam URLs matched ""Zazie Kanwar-Torge"" in the index but the phrase is NOT visible in the served snippet; suspicious link-dump payload. NOT opened (safety policy); revisit only via index snippet.",low-trust pass 2026-09-05,"paste2 list of backlink/comment-spam URLs matched ""Zazie Kanwar-Torge"" in the index but the phrase is NOT visible in the served snippet; suspicious link-dump payload. NOT opened (safety policy); revisit only via index snippet."
LT-088,SEARCH-REDIRECT,SERP-ARTIFACT,https://disconecta.com.br/resenhas/resenhas-de-discos/playlist-autoral-15-rock-jazz/#gsc.tab=0,disconecta.com.br,Zazie Productions,register-only (no master row change),retained in Press & Editorial (dedupe pending),retained in Press & Editorial (dedupe pending),—,see note,#gsc.tab=0 Google-Custom-Search artifact; duplicate of the base URL. Treat as one record.,low-trust pass 2026-09-05,#gsc.tab=0 Google-Custom-Search artifact; duplicate of the base URL. Treat as one record.
LT-089,SEARCH-REDIRECT,SEARCH-REDIRECT,https://www.baidu.com/link?url=lGOPTjwdo-SJgH88b8O6BfcutJYDNcLfDDdoK_GDhgodoo9uajS_-T8r0CJBuFvTJ6JJ63asEqzCWIS0zFOkNK&wd=&eqid=94b87bd700fb95d100000006676ae907,baidu.com,Zazie Productions,register-only (no master row change),retained in Search-Engine Index,retained in Search-Engine Index,—,see note,"Baidu /link?url= redirect wrapper (name indexed by Baidu). A redirect chain, not a page — kept out of all counts.",low-trust pass 2026-09-05,"Baidu /link?url= redirect wrapper (name indexed by Baidu). A redirect chain, not a page — kept out of all counts."
