domain,unique_url_count
open.spotify.com,7
icebergcharts.com,4
youtube.com,3
prfree.org,2
quotev.com,2
enigmalabs.io,2
thechurchofnoisygoat.bandcamp.com,2
pronthego.com,2
disconecta.com.br,2
lyrics.com,2
last.fm,2
shazam.com,2
music.163.com,2
qobuz.com,2
mycommunitycinema.org.uk,2
imdb.com,2
box.hitplayer.ru,2
muzvibe.org,2
pulitzercenter.org,2
greenville.k12.sc.us,2
yt.nimlinks.com,2
vtomb.com,2
casey-douglass.com,1
killthedj.com,1
telegra.ph,1
mastodon.bida.im,1
rant.li,1
tiermaker.com,1
saidit.net,1
write.as,1
x.com,1
web-cdn.bsky.app,1
wikimili.com,1
wiki2.org,1
wikiwand.com,1
thirdeyemusic.co.uk,1
wikigit.org,1
outsider.fandom.com,1
tvtropes.org,1
senscritique.com,1
forums.stevehoffman.tv,1
perchance.org,1
txt.fyi,1
zazieproductions.itch.io,1
imgur.com,1
gms.purwana.net,1
deliriumpsychosis.bandcamp.com,1
tinnitist.com,1
newmediartspace.info,1
moonmusiq.bandcamp.com,1
vitalentum.net,1
lessthanone.bandcamp.com,1
sonicrider.nl,1
rockculture.es,1
voidstarproductions.bandcamp.com,1
superpresent.org,1
concertarchives.org,1
ingrown.bandcamp.com,1
blackmountaincollege.org,1
soundsgoodwebzine.com,1
pushtoeject.bandcamp.com,1
onedoneproject.bandcamp.com,1
rangermagazine.net,1
graverobbedrecords.bandcamp.com,1
loudsilencedigital.bandcamp.com,1
museonline.org,1
mandeliterary.com,1
igloomag.com,1
utopiadistrict.bandcamp.com,1
indieam.com.mx,1
peopleversus.tv,1
isitagoodplaylist.com,1
witch-house.com,1
credits.muso.ai,1
setlist.fm,1
coolmindmaps.com,1
samples.eduwriter.ai,1
art.kunstmatrix.com,1
tunedex.routenote.com,1
musicstax.com,1
songstats.com,1
sonichits.com,1
songdata.io,1
playlost.fm,1
archive.transformativeworks.org,1
trendingbot.org,1
mlx.su,1
codex.churchofmalware.org,1
getmusic.fm,1
chosic.com,1
breakinghits.app,1
metal-tracker.com,1
musicgateway.com,1
portlandmercury.com,1
thelatest.co.uk,1
urbanpoll.com,1
xoyondo.com,1
instagram.com,1
radioclickdigital.com.ar,1
amazingradio.com,1
comunicati.musicalive.net,1
anotepad.com,1
medium.com,1
twitter.com,1
billboardwire.com,1
grammyweekly.com,1
music.apple.com,1
deezer.com,1
amazon.com,1
kkbox.com,1
m.douyin.com,1
tidal.com,1
soundclick.com,1
web.ligaudio.ru,1
slaps.com,1
paroles-musique.com,1
fangpi.net,1
zvu4no.org,1
play.anghami.com,1
gequbao.com,1
boomplay.com,1
x-minusovka.com,1
reverbnation.com,1
gnoosic.com,1
soundgasm.net,1
clipzui.fun,1
musicians.directory,1
iheart.com,1
filmacorn.vercel.app,1
artrabbit.com,1
justwatch-hd.com,1
shockwebradio.com,1
frenchstream.tv,1
pebblesunderground.art,1
pelis-api.vercel.app,1
allevents.in,1
youtu.be,1
filmfreeway.com,1
themoviedb.org,1
moview.janakoudelkova.cz,1
octopusmarquee.com,1
thomas-spinec.students-laplateforme.io,1
hdfilmcehennemi.beauty,1
the-dots.com,1
reddit.com,1
stage32.com,1
pro.imdb.com,1
media-match.com,1
thetalentmanager.com,1
justpaste.it,1
allpoetry.com,1
behance.net,1
thehug.xyz,1
clongclongmoo.org,1
archive.independentmail.com,1
arthive.com,1
hackmd.io,1
sketchfab.com,1
commie.io,1
theresanaiforthat.com,1
scrapbox.io,1
vocal.media,1
websim.ai,1
replit.com,1
blog.spacehey.com,1
artvee.com,1
writexo.com,1
zazieproductions.gumroad.com,1
experiment.com,1
500letters.org,1
podcast365.ro,1
séraphitüs-séraphîta.weebly.com,1
ifarmusiqueconcretecompilation.bandcamp.com,1
whitelight-whiteheat.com,1
soundcloud.com,1
art-squat.com,1
legateaugallery.com,1
tiktok.com,1
shoshanagarfield.com,1
wnloveet.click,1
rsssearchhub.com,1
juetao.org,1
lcofcu.com,1
powerkabel.com.pe,1
maynenkhikobelco.com,1
bytstav.sk,1
slatersgarage.com,1
hiontech.kr,1
agencesartistiques.com,1
sarlmca.fr,1
backstage.com,1
designbymm.cz,1
smartpersonsguide.com,1
childrenofyemen.org,1
archivio.lavocedinovara.com,1
patchworkers.info,1
vidmak.com,1
r.darrennathanael.com,1
youplay.nimtools.com,1
youtuberepeater,1
video.link,1
heartvod.com,1
clipzag.com,1
musiclessons.co,1
salda.ws,1
fooyoh.com,1
ytrepeat.com,1
topsheetmusic.eu,1
deturl.com,1
nsfwyoutube.com,1
thewikihow.com,1
listenonrepeat.com,1
tvonlayn.ru,1
youtubu.tv,1
hribi.net,1
culturevein.com,1
viewsync-2.appspot.co,1
youtube-nocooki,1
lu.etvplayvideos.com,1
stb.hu,1
canal50.com,1
pakvim.net,1
viewsync.net,1
socialcounts.org,1
yewtu.be,1
gazetaolsztynska.pl,1
newtv.co.th,1
polsy.org.uk,1
zazieproductions.bandcamp.com,1
horror.zazieproductions.com,1
