domain,url,first_seen_source
hiontech.kr,http://hiontech.kr/data/persuasive-speech/black-mountain-college-ira-and-ruth-levinson-museum,Random-Zazie-Productions-Links-PDF
playlost.fm,http://playlost.fm/playlist/75PxWthUYPOskOU1EjGrF,Random-Zazie-Productions-Links-PDF
art-squat.com,http://www.art-squat.com/articles11/,Random-Zazie-Productions-Links-PDF
bytstav.sk,http://www.bytstav.sk/gDrA/ira-and-ruth-levinson-art-museum-north-carolina,Random-Zazie-Productions-Links-PDF
allevents.in,https://allevents.in/mobile/amp-event.php?event_id=100001021724965877,Random-Zazie-Productions-Links-PDF
allpoetry.com,https://allpoetry.com/Zazie_Productions,Random-Zazie-Productions-Links-PDF
amazingradio.com,https://amazingradio.com/profile/zazie-productions,Random-Zazie-Productions-Links-PDF
anotepad.com,https://anotepad.com/notes/5246g357,Random-Zazie-Productions-Links-PDF
archive.independentmail.com,https://archive.independentmail.com/features/midway-elementary-school-of-science-and-engine,Random-Zazie-Productions-Links-PDF
archive.transformativeworks.org,https://archive.transformativeworks.org/works/56506408/chapters/143816134,Random-Zazie-Productions-Links-PDF
archivio.lavocedinovara.com,https://archivio.lavocedinovara.com/KmDEB/black-mountain-college-ira-and-ruth-levinson-muse,Random-Zazie-Productions-Links-PDF
art.kunstmatrix.com,https://art.kunstmatrix.com/en/artist/zazie-productions,Random-Zazie-Productions-Links-PDF
arthive.com,https://arthive.com/zazieproductions/biography,Random-Zazie-Productions-Links-PDF
artvee.com,https://artvee.com/members/zazie_productions/,Random-Zazie-Productions-Links-PDF
billboardwire.com,https://billboardwire.com/how-an-underground-experimental-musician-became-a-go-to-compose,Random-Zazie-Productions-Links-PDF
blog.spacehey.com,https://blog.spacehey.com/entry?id=1380281,Random-Zazie-Productions-Links-PDF
box.hitplayer.ru,https://box.hitplayer.ru/?s=zazie,Random-Zazie-Productions-Links-PDF
box.hitplayer.ru,https://box.hitplayer.ru/?s=zazieproductions,Random-Zazie-Productions-Links-PDF
canal50.com,https://canal50.com/player-20,Random-Zazie-Productions-Links-PDF
childrenofyemen.org,https://childrenofyemen.org/zvgw5/black-mountain-college-ira-and-ruth-levinson-museum,Random-Zazie-Productions-Links-PDF
clipzag.com,https://clipzag.com/watch?v=,Random-Zazie-Productions-Links-PDF
codex.churchofmalware.org,https://codex.churchofmalware.org/researchers/ed001/zazie/,Random-Zazie-Productions-Links-PDF
commie.io,https://commie.io/#fjZr3dSA,Random-Zazie-Productions-Links-PDF
comunicati.musicalive.net,https://comunicati.musicalive.net/c/cant-get-my-eyes-off-you-123,Random-Zazie-Productions-Links-PDF
credits.muso.ai,https://credits.muso.ai/profile/4010f3b7-9a87-4961-8dfd-917de0ba787e,Random-Zazie-Productions-Links-PDF
culturevein.com,https://culturevein.com/videos,Random-Zazie-Productions-Links-PDF
deliriumpsychosis.bandcamp.com,https://deliriumpsychosis.bandcamp.com/album/digital-intifada,Random-Zazie-Productions-Links-PDF
designbymm.cz,https://designbymm.cz/.modules/gbt72mhz/ira-and-ruth-levinson-art-museum-north-carolina,Random-Zazie-Productions-Links-PDF
deturl.com,https://deturl.com/play.php?v,Random-Zazie-Productions-Links-PDF
disconecta.com.br,https://disconecta.com.br/resenhas/resenhas-de-discos/playlist-autoral-15-rock-jazz/,Random-Zazie-Productions-Links-PDF
disconecta.com.br,https://disconecta.com.br/resenhas/resenhas-de-discos/playlist-autoral-15-rock-jazz/#gsc.tab=0,Random-Zazie-Productions-Links-PDF
enigmalabs.io,https://enigmalabs.io/sighting/311344,Random-Zazie-Productions-Links-PDF
enigmalabs.io,https://enigmalabs.io/sighting/311446,Random-Zazie-Productions-Links-PDF
experiment.com,https://experiment.com/projects/qtxiwhloyciyjwlqcwmj,Random-Zazie-Productions-Links-PDF
filmacorn.vercel.app,https://filmacorn.vercel.app/details/1328893,Random-Zazie-Productions-Links-PDF
filmfreeway.com,https://filmfreeway.com/ZazieProductions,Random-Zazie-Productions-Links-PDF
fooyoh.com,https://fooyoh.com/nowwatch/,Random-Zazie-Productions-Links-PDF
forums.stevehoffman.tv,https://forums.stevehoffman.tv/threads/has-anyone-here-heard-about-so-called-outsider-music.1,Random-Zazie-Productions-Links-PDF
frenchstream.tv,https://frenchstream.tv/movie/1328893,Random-Zazie-Productions-Links-PDF
gazetaolsztynska.pl,https://gazetaolsztynska.pl/g,Random-Zazie-Productions-Links-PDF
getmusic.fm,https://getmusic.fm/r/various-artists-moon-musiq-untitled,Random-Zazie-Productions-Links-PDF
gms.purwana.net,https://gms.purwana.net/?devid=zazieproductions,Random-Zazie-Productions-Links-PDF
grammyweekly.com,https://grammyweekly.com/zazie-productions-the-underground-polymath-redefining-experimenta,Random-Zazie-Productions-Links-PDF
graverobbedrecords.bandcamp.com,https://graverobbedrecords.bandcamp.com/,Random-Zazie-Productions-Links-PDF
hackmd.io,https://hackmd.io/@vFyqhdToTb6sqgqrxzVeDQ/r1Sz_jihkg,Random-Zazie-Productions-Links-PDF
hdfilmcehennemi.beauty,https://hdfilmcehennemi.beauty/film/phantom-requiem-2024-21328893T/,Random-Zazie-Productions-Links-PDF
heartvod.com,https://heartvod.com/play=UX,Random-Zazie-Productions-Links-PDF
horror.zazieproductions.com,https://horror.zazieproductions.com,Random-Zazie-Productions-Links-PDF
icebergcharts.com,https://icebergcharts.com/i/Animated_Movies,Random-Zazie-Productions-Links-PDF
icebergcharts.com,https://icebergcharts.com/i/Animated_Short_Films,Random-Zazie-Productions-Links-PDF
icebergcharts.com,https://icebergcharts.com/i/Earworms,Random-Zazie-Productions-Links-PDF
icebergcharts.com,https://icebergcharts.com/i/Instrumental_Music,Random-Zazie-Productions-Links-PDF
ifarmusiqueconcretecompilation.bandcamp.com,https://ifarmusiqueconcretecompilation.bandcamp.com/album/los-valses-siderales,Random-Zazie-Productions-Links-PDF
igloomag.com,https://igloomag.com/newswire/solidarity-complete-aclu-voidstar-productions,Random-Zazie-Productions-Links-PDF
imgur.com,https://imgur.com/a/M25R5PJ,Random-Zazie-Productions-Links-PDF
indieam.com.mx,https://indieam.com.mx/2025/02/08/resena-zazie-productions-y-unwashed-miscreant-rompen-es,Random-Zazie-Productions-Links-PDF
ingrown.bandcamp.com,https://ingrown.bandcamp.com/album/14-years-100-releases-compilation,Random-Zazie-Productions-Links-PDF
justpaste.it,https://justpaste.it/gepby,Random-Zazie-Productions-Links-PDF
justwatch-hd.com,https://justwatch-hd.com/tr/person/5112050#,Random-Zazie-Productions-Links-PDF
killthedj.com,https://killthedj.com/irish-bambie-eurovision-ouija-pop/,Random-Zazie-Productions-Links-PDF
lcofcu.com,https://lcofcu.com/4o5ct9/archive.php?tag=black-mountain-college-ira-and-ruth-levinson-museu,Random-Zazie-Productions-Links-PDF
lessthanone.bandcamp.com,https://lessthanone.bandcamp.com/track/pivot-and-deflect,Random-Zazie-Productions-Links-PDF
listenonrepeat.com,https://listenonrepeat.com/wa,Random-Zazie-Productions-Links-PDF
loudsilencedigital.bandcamp.com,https://loudsilencedigital.bandcamp.com/album/lsd100fbclid=IwZXh0bgNhZW0CMTEAAR3PU1,Random-Zazie-Productions-Links-PDF
lu.etvplayvideos.com,https://lu.etvplayvideos.com/,Random-Zazie-Productions-Links-PDF
m.douyin.com,https://m.douyin.com/qishui/song/7104127023261435905,Random-Zazie-Productions-Links-PDF
mandeliterary.com,https://mandeliterary.com/phantom-requiem/,Random-Zazie-Productions-Links-PDF
mastodon.bida.im,https://mastodon.bida.im/@iyezine/113995823411563269,Random-Zazie-Productions-Links-PDF
maynenkhikobelco.com,https://maynenkhikobelco.com/ZVuos/black-mountain-college-ira-and-ruth-levinson-museum,Random-Zazie-Productions-Links-PDF
medium.com,https://medium.com/@catgirlthyme/weird-music-recap-2024-3f86badc3650,Random-Zazie-Productions-Links-PDF
mlx.su,https://mlx.su/paste/view/26990c6b,Random-Zazie-Productions-Links-PDF
moonmusiq.bandcamp.com,https://moonmusiq.bandcamp.com/album/untitled,Random-Zazie-Productions-Links-PDF
moview.janakoudelkova.cz,https://moview.janakoudelkova.cz/singlemovie.html?id=1328893,Random-Zazie-Productions-Links-PDF
museonline.org,https://museonline.org/profile/zazie-kanwar-torge/,Random-Zazie-Productions-Links-PDF
music.163.com,https://music.163.com/#/artist?id=52749380,Random-Zazie-Productions-Links-PDF
music.163.com,https://music.163.com/song?id=2083550087,Random-Zazie-Productions-Links-PDF
music.apple.com,https://music.apple.com/us/artist/zazie-productions/1623719351,Random-Zazie-Productions-Links-PDF
musicians.directory,https://musicians.directory/profile-zazie-productions,Random-Zazie-Productions-Links-PDF
musicstax.com,https://musicstax.com/playlist/goa-trancepsy-trance/75PxWthUYPOskOU1EjGrFX,Random-Zazie-Productions-Links-PDF
muzvibe.org,https://muzvibe.org/search/Zazie,Random-Zazie-Productions-Links-PDF
muzvibe.org,https://muzvibe.org/search/ZazieProductions,Random-Zazie-Productions-Links-PDF
mycommunitycinema.org.uk,https://mycommunitycinema.org.uk/cinema/pvtv-fringe-flicks-2/,Random-Zazie-Productions-Links-PDF
mycommunitycinema.org.uk,https://mycommunitycinema.org.uk/screening/fringe-flicks-kenneth-angers-lucifer-rising-1972-sh,Random-Zazie-Productions-Links-PDF
newmediartspace.info,https://newmediartspace.info/exhibitions/2024_ripples/,Random-Zazie-Productions-Links-PDF
onedoneproject.bandcamp.com,https://onedoneproject.bandcamp.com/album/365,Random-Zazie-Productions-Links-PDF
open.spotify.com,https://open.spotify.com/artist/4UOgvZEOo7xBhFBjJvlMm0?si=Mr95tIjiQD6V7mLbTZdCb,Random-Zazie-Productions-Links-PDF
open.spotify.com,https://open.spotify.com/playlist/0wYL2MV2jiz5yqXTSCJBTw?si=BXh9LzN_S2qoSeisIzYpNA&pi,Random-Zazie-Productions-Links-PDF
open.spotify.com,https://open.spotify.com/playlist/3Q2LNnQPClJHAmuavudX3T?si=RI3n61xbR62LQvYQdnaJwQ,Random-Zazie-Productions-Links-PDF
open.spotify.com,https://open.spotify.com/playlist/4zNDI7kTKxDNBbzoJmA0VG?si=JpixnZyQQmybn_QNVv__qA,Random-Zazie-Productions-Links-PDF
open.spotify.com,https://open.spotify.com/playlist/5seknEmy1VW3eapTpjIIzF?si=U2zmHkTqRQuVMPTovUDzZg,Random-Zazie-Productions-Links-PDF
open.spotify.com,https://open.spotify.com/playlist/6KvWN7SWNoEtpwtK1rdXtG,Random-Zazie-Productions-Links-PDF
open.spotify.com,https://open.spotify.com/playlist/75PxWthUYPOskOU1EjGrFX?si=fnqhO6APRsesyPPZvRCaOg,Random-Zazie-Productions-Links-PDF
outsider.fandom.com,https://outsider.fandom.com/wiki/List_of_outsider_musicians,Random-Zazie-Productions-Links-PDF
pakvim.net,https://pakvim.net/watch/UX2,Random-Zazie-Productions-Links-PDF
patchworkers.info,https://patchworkers.info/ac-valhalla/black-mountain-college-ira-and-ruth-levinson-museum,Random-Zazie-Productions-Links-PDF
pebblesunderground.art,https://pebblesunderground.art/award-winners-winter-screenings-2024/,Random-Zazie-Productions-Links-PDF
pelis-api.vercel.app,https://pelis-api.vercel.app/pelicula/1328893,Random-Zazie-Productions-Links-PDF
perchance.org,https://perchance.org/zazieproductions,Random-Zazie-Productions-Links-PDF
play.anghami.com,https://play.anghami.com/song/105231243,Random-Zazie-Productions-Links-PDF
podcast365.ro,https://podcast365.ro/episoade/black-mountain-college-radio/bmc-radio-art-zazie-produc,Random-Zazie-Productions-Links-PDF
polsy.org.uk,https://polsy.org.uk/play/yt/?v,Random-Zazie-Productions-Links-PDF
powerkabel.com.pe,https://powerkabel.com.pe/love-quotes/black-mountain-college-ira-and-ruth-levinson-museum,Random-Zazie-Productions-Links-PDF
prfree.org,https://prfree.org/@zazieproductions/zazie-productions-unveils-phantom-requiem-2024-a-haunti,Random-Zazie-Productions-Links-PDF
pro.imdb.com,https://pro.imdb.com/name/nm17333332/,Random-Zazie-Productions-Links-PDF
pronthego.com,https://pronthego.com/pages/blog/this-is-how-rebellious-alternative-fashion-is-making-its-way-ba,Random-Zazie-Productions-Links-PDF
pronthego.com,https://pronthego.com/pages/blog/when-algorithms-imitate-art-the-rise-of-ghibli-style-ai-and-wha,Random-Zazie-Productions-Links-PDF
pulitzercenter.org,https://pulitzercenter.org/blog/winners-and-finalists-local-letters-global-change-2019,Random-Zazie-Productions-Links-PDF
pulitzercenter.org,https://pulitzercenter.org/zazie-kanwar-torge-finalist-local-letters-global-change,Random-Zazie-Productions-Links-PDF
pushtoeject.bandcamp.com,https://pushtoeject.bandcamp.com/album/songs-to-kill-transphobes-to,Random-Zazie-Productions-Links-PDF
r.darrennathanael.com,https://r.darrennathanael.com/r/Album_Cover_Art/comments/1i5wjf8/zazie_productions_to_halt_,Random-Zazie-Productions-Links-PDF
rant.li,https://rant.li/scienceinnovation/zazie-productions-researcher-sonic-engineer-and-theorist-of,Random-Zazie-Productions-Links-PDF
replit.com,https://replit.com/@ZazieProduction,Random-Zazie-Productions-Links-PDF
salda.ws,https://salda.ws/video.php?id,Random-Zazie-Productions-Links-PDF
samples.eduwriter.ai,https://samples.eduwriter.ai/236649204/sonic-absurdity-and-cognitive-dissonance-how-zazie,Random-Zazie-Productions-Links-PDF
scrapbox.io,https://scrapbox.io/Mnemonic-Debris/AUTHENTICATION_OVERRIDE:_ZAZIE_PROD%2FHEX,Random-Zazie-Productions-Links-PDF
shockwebradio.com,https://shockwebradio.com/musica/zazie-productions-y-el-experimento-sonoro-que-desafia-la-lo,Random-Zazie-Productions-Links-PDF
shoshanagarfield.com,https://shoshanagarfield.com/bidirectional-lstm/black-mountain-college-ira-and-ruth-levinson-mu,Random-Zazie-Productions-Links-PDF
sketchfab.com,https://sketchfab.com/zazieproductions/models,Random-Zazie-Productions-Links-PDF
slaps.com,https://slaps.com/user/ZazieProd,Random-Zazie-Productions-Links-PDF
slatersgarage.com,https://slatersgarage.com/PxyL/black-mountain-college-ira-and-ruth-levinson-museum,Random-Zazie-Productions-Links-PDF
smartpersonsguide.com,https://smartpersonsguide.com/MNNiI/black-mountain-college-ira-and-ruth-levinson-museum,Random-Zazie-Productions-Links-PDF
socialcounts.org,https://socialcounts.org/youtu,Random-Zazie-Productions-Links-PDF
songdata.io,https://songdata.io/search?query=Zazie+Productions+,Random-Zazie-Productions-Links-PDF
songstats.com,https://songstats.com/artist/hxc5ipay/zazie-productions,Random-Zazie-Productions-Links-PDF
sonichits.com,https://sonichits.com/video/Zazie_Productions/Seroquel_Coma,Random-Zazie-Productions-Links-PDF
sonicrider.nl,https://sonicrider.nl/jazzular-element-1-thoughts-about-david-lynch-compilation-sonicrider-the-ch,Random-Zazie-Productions-Links-PDF
soundcloud.com,https://soundcloud.com/spirit-of-possibility/sets/kosmische-l-m-volume-001?ref=clipboard&p=a&,Random-Zazie-Productions-Links-PDF
soundgasm.net,https://soundgasm.net/u/ZazieProductions,Random-Zazie-Productions-Links-PDF
superpresent.org,https://superpresent.org/current-issue/,Random-Zazie-Productions-Links-PDF
séraphitüs-séraphîta.weebly.com,https://séraphitüs-séraphîta.weebly.com/blog/42-seconds-7-compilation-on-owlripper-recordings,Random-Zazie-Productions-Links-PDF
telegra.ph,https://telegra.ph/Zazie-Productions-The-Eccentric-Savant-Who-Is-Redefining-Sound-and-Visio,Random-Zazie-Productions-Links-PDF
the-dots.com,https://the-dots.com/users/zazie-productions-1813011?mode=preview,Random-Zazie-Productions-Links-PDF
thechurchofnoisygoat.bandcamp.com,https://thechurchofnoisygoat.bandcamp.com/album/synthetic-dystopia,Random-Zazie-Productions-Links-PDF
thechurchofnoisygoat.bandcamp.com,https://thechurchofnoisygoat.bandcamp.com/album/synthetic-dystopia?fbclid=IwQ0xDSwKgb3tl,Random-Zazie-Productions-Links-PDF
thehug.xyz,https://thehug.xyz/artists/zazieproductions/portfolio/item/032ce1d7-ee38-4c5c-83a8-70db54218,Random-Zazie-Productions-Links-PDF
thelatest.co.uk,https://thelatest.co.uk/brighton/2024/10/09/celebrate-halloween-with-our-very-spooky-film-festiv,Random-Zazie-Productions-Links-PDF
theresanaiforthat.com,https://theresanaiforthat.com/@zazieproduction/,Random-Zazie-Productions-Links-PDF
thewikihow.com,https://thewikihow.com/video_,Random-Zazie-Productions-Links-PDF
thirdeyemusic.co.uk,https://thirdeyemusic.co.uk/?name=Zazie_Productions&dir=tracks,Random-Zazie-Productions-Links-PDF
thomas-spinec.students-laplateforme.io,https://thomas-spinec.students-laplateforme.io/cinetech/movie/1328893,Random-Zazie-Productions-Links-PDF
tidal.com,https://tidal.com/browse/artist/32246195,Random-Zazie-Productions-Links-PDF
tiermaker.com,https://tiermaker.com/categories/music/zazie-productions-releases-tier-list-15405489,Random-Zazie-Productions-Links-PDF
tinnitist.com,https://tinnitist.com/tag/zazie-productions/,Random-Zazie-Productions-Links-PDF
tunedex.routenote.com,https://tunedex.routenote.com/artists/4UOgvZEOo7xBhFBjJvlMm0,Random-Zazie-Productions-Links-PDF
tvtropes.org,https://tvtropes.org/pmwiki/pmwiki.php/Main/EccentricArtist,Random-Zazie-Productions-Links-PDF
twitter.com,https://twitter.com/Deborahdjohn/status/1890497671573520710,Random-Zazie-Productions-Links-PDF
txt.fyi,https://txt.fyi/1e6a35890de43189,Random-Zazie-Productions-Links-PDF
urbanpoll.com,https://urbanpoll.com/polls/what-best-zazie-production-masterpiece-album-poll-dtaziega,Random-Zazie-Productions-Links-PDF
utopiadistrict.bandcamp.com,https://utopiadistrict.bandcamp.com/album/late-night-love-letters,Random-Zazie-Productions-Links-PDF
video.link,https://video.link/watch?v=UX,Random-Zazie-Productions-Links-PDF
vidmak.com,https://vidmak.com/fs0vz3/ira-and-ruth-levinson-art-museum-north-carolina,Random-Zazie-Productions-Links-PDF
viewsync-2.appspot.co,https://viewsync-2.appspot.co,Random-Zazie-Productions-Links-PDF
viewsync.net,https://viewsync.net/watch?v,Random-Zazie-Productions-Links-PDF
vitalentum.net,https://vitalentum.net/post/110-how-one-musical-prodigy-is-outpacing-the-world-s-most-advance,Random-Zazie-Productions-Links-PDF
vocal.media,https://vocal.media/stories?status=published,Random-Zazie-Productions-Links-PDF
voidstarproductions.bandcamp.com,https://voidstarproductions.bandcamp.com/album/solidarity-phase-ii-a-benefit-compilation-for-th,Random-Zazie-Productions-Links-PDF
web-cdn.bsky.app,https://web-cdn.bsky.app/profile/hamiltonslive.bsky.social/post/3lifmisw6es2u,Random-Zazie-Productions-Links-PDF
web.ligaudio.ru,https://web.ligaudio.ru/mp3/zazie,Random-Zazie-Productions-Links-PDF
websim.ai,https://websim.ai/p/mtopbz5cf0mlvd0jf7w9/22,Random-Zazie-Productions-Links-PDF
wiki2.org,https://wiki2.org/en/List_of_experimental_musicians,Random-Zazie-Productions-Links-PDF
wikigit.org,https://wikigit.org/wiki/List_of_experimental_musicians,Random-Zazie-Productions-Links-PDF
wikimili.com,https://wikimili.com/en/List_of_experimental_musicians,Random-Zazie-Productions-Links-PDF
witch-house.com,https://witch-house.com/forum/viewtopic.php?p=23018,Random-Zazie-Productions-Links-PDF
wnloveet.click,https://wnloveet.click/product_details/105751966.html,Random-Zazie-Productions-Links-PDF
write.as,https://write.as/1oznmq3kbhveh.md,Random-Zazie-Productions-Links-PDF
writexo.com,https://writexo.com/raw/8ilsx2y1,Random-Zazie-Productions-Links-PDF
500letters.org,https://www.500letters.org/form_15.php?naam=kanwar-torge_zazie,Random-Zazie-Productions-Links-PDF
agencesartistiques.com,https://www.agencesartistiques.com/fiche-artiste/739100-elsa-levy.html?lng=en,Random-Zazie-Productions-Links-PDF
amazon.com,https://www.amazon.com/music/player/artists/B0B14FFGFV/zazie-productions,Random-Zazie-Productions-Links-PDF
artrabbit.com,https://www.artrabbit.com/people/zazie-kanwartorge/artist,Random-Zazie-Productions-Links-PDF
backstage.com,https://www.backstage.com/u/audreyjarnagin/,Random-Zazie-Productions-Links-PDF
behance.net,https://www.behance.net/zaziediya?locale=en_US,Random-Zazie-Productions-Links-PDF
blackmountaincollege.org,https://www.blackmountaincollege.org/broadcast-bmc-radio-artist-zazie-productions/,Random-Zazie-Productions-Links-PDF
boomplay.com,https://www.boomplay.com/artists/46971970,Random-Zazie-Productions-Links-PDF
breakinghits.app,https://www.breakinghits.app/zazieproductions/,Random-Zazie-Productions-Links-PDF
casey-douglass.com,https://www.casey-douglass.com/2023/11/dark-ambient-shadowlands-4-is-out-now.html?m=1,Random-Zazie-Productions-Links-PDF
chosic.com,https://www.chosic.com/artist/zazie-productions/4UOgvZEOo7xBhFBjJvlMm0/,Random-Zazie-Productions-Links-PDF
clipzui.fun,https://www.clipzui.fun/video/64f3a4n3t2j5x3y3c4o553.html,Random-Zazie-Productions-Links-PDF
clongclongmoo.org,https://www.clongclongmoo.org/category/locate/chile/,Random-Zazie-Productions-Links-PDF
concertarchives.org,https://www.concertarchives.org/concerts/flesh-eating-vinyl-and-the-smell-of-monochrome-tour-,Random-Zazie-Productions-Links-PDF
coolmindmaps.com,https://www.coolmindmaps.com/?action=mindmap&question=What,Random-Zazie-Productions-Links-PDF
deezer.com,https://www.deezer.com/en/artist/170543657,Random-Zazie-Productions-Links-PDF
fangpi.net,https://www.fangpi.net/music/13393673,Random-Zazie-Productions-Links-PDF
gequbao.com,https://www.gequbao.com/music/1642349,Random-Zazie-Productions-Links-PDF
gnoosic.com,https://www.gnoosic.com/discussion/zazie+productions.html,Random-Zazie-Productions-Links-PDF
greenville.k12.sc.us,https://www.greenville.k12.sc.us/stone/Upload/uploads/Jumpstart,Random-Zazie-Productions-Links-PDF
greenville.k12.sc.us,https://www.greenville.k12.sc.us/stone/Upload/uploads/generic,Random-Zazie-Productions-Links-PDF
hribi.net,https://www.hribi.net/video_yo,Random-Zazie-Productions-Links-PDF
iheart.com,https://www.iheart.com/artist/zazie-productions-38017001/,Random-Zazie-Productions-Links-PDF
imdb.com,https://www.imdb.com/name/nm17333332,Random-Zazie-Productions-Links-PDF
imdb.com,https://www.imdb.com/name/nm17333332/,Random-Zazie-Productions-Links-PDF
instagram.com,https://www.instagram.com/p/DHMO9tdy-VZ/?igsh=MTczOGhqcnpua2kzdw==,Random-Zazie-Productions-Links-PDF
isitagoodplaylist.com,https://www.isitagoodplaylist.com/curator/punkrockdinosaur,Random-Zazie-Productions-Links-PDF
juetao.org,https://www.juetao.org/yfc/san-bernardino-county-sheriff-jobs,Random-Zazie-Productions-Links-PDF
kkbox.com,https://www.kkbox.com/sg/sc/artist/8spDJ-lczbMOkUS99q,Random-Zazie-Productions-Links-PDF
last.fm,https://www.last.fm/music/Zazie+Productions,Random-Zazie-Productions-Links-PDF
last.fm,https://www.last.fm/music/Zazie+Productions/+tracks,Random-Zazie-Productions-Links-PDF
legateaugallery.com,https://www.legateaugallery.com/in-dreams-main.html,Random-Zazie-Productions-Links-PDF
lyrics.com,https://www.lyrics.com/lyric-lf/16514545/Zazie+Productions/Black+Fr1day%3A+Jingle+No.+2,Random-Zazie-Productions-Links-PDF
lyrics.com,https://www.lyrics.com/lyric-lf/8858319/Zazie+Productions/Stunning+That+You'd+Care,Random-Zazie-Productions-Links-PDF
media-match.com,https://www.media-match.com/usa/cv/Zazie-Productions,Random-Zazie-Productions-Links-PDF
metal-tracker.com,https://www.metal-tracker.com/torrents/356412.html,Random-Zazie-Productions-Links-PDF
musicgateway.com,https://www.musicgateway.com/creative-professionals/artist/zazie-productions,Random-Zazie-Productions-Links-PDF
musiclessons.co,https://www.musiclessons.co,Random-Zazie-Productions-Links-PDF
newtv.co.th,https://www.newtv.co.th/demo,Random-Zazie-Productions-Links-PDF
nsfwyoutube.com,https://www.nsfwyoutube.com,Random-Zazie-Productions-Links-PDF
octopusmarquee.com,https://www.octopusmarquee.com/octomarqiff,Random-Zazie-Productions-Links-PDF
paroles-musique.com,https://www.paroles-musique.com/eng/Zazie-Productions-Stunning-That-You-d-Care-lyrics,p637,Random-Zazie-Productions-Links-PDF
peopleversus.tv,https://www.peopleversus.tv/fringe-flicks,Random-Zazie-Productions-Links-PDF
portlandmercury.com,https://www.portlandmercury.com/i-anonymous/2024/08/22/47371644/thank-you-to-all-the-tortur,Random-Zazie-Productions-Links-PDF
prfree.org,https://www.prfree.org/@zazieproductions/zazie-productions-unveils-phantom-requiem-2024-a-,Random-Zazie-Productions-Links-PDF
qobuz.com,https://www.qobuz.com/de-de/interpreter/zazie-productions/14145610,Random-Zazie-Productions-Links-PDF
qobuz.com,https://www.qobuz.com/us-en/album/constrained-capacity-zazie-productions/bvwuboa98rchb,Random-Zazie-Productions-Links-PDF
quotev.com,https://www.quotev.com/quiz/16626763/What-Zazie-Productions-Song-Are-You,Random-Zazie-Productions-Links-PDF
quotev.com,https://www.quotev.com/quiz/16687733/Zazie-Productions-Trivia-IMPOSSIBLE-EDITION,Random-Zazie-Productions-Links-PDF
radioclickdigital.com.ar,https://www.radioclickdigital.com.ar/zazie-productions-desafia-los-limites-con-su-nuevo-sonido-e,Random-Zazie-Productions-Links-PDF
rangermagazine.net,https://www.rangermagazine.net/zazie_issue4,Random-Zazie-Productions-Links-PDF
reddit.com,https://www.reddit.com/r/AlbumArtPorn/s/PJYdrEGZb3,Random-Zazie-Productions-Links-PDF
reverbnation.com,https://www.reverbnation.com/zazieproductions/songs,Random-Zazie-Productions-Links-PDF
rockculture.es,https://www.rockculture.es/noticias-kaenn-odd-marauder-geoff-carne-uniporn-tom-relling-al-cont,Random-Zazie-Productions-Links-PDF
rsssearchhub.com,https://www.rsssearchhub.com/feed/1185189bcc80cd02d670a3aaae58ebf3/city-portland-mercur,Random-Zazie-Productions-Links-PDF
saidit.net,https://www.saidit.net/s/MUSICUNKNOWN/,Random-Zazie-Productions-Links-PDF
sarlmca.fr,https://www.sarlmca.fr/x83v4/ira-and-ruth-levinson-art-museum-north-carolina,Random-Zazie-Productions-Links-PDF
senscritique.com,https://www.senscritique.com/contact/Zazie_Productions/7375565,Random-Zazie-Productions-Links-PDF
setlist.fm,https://www.setlist.fm/setlists/zazie-productions-2bf83c62.html,Random-Zazie-Productions-Links-PDF
shazam.com,https://www.shazam.com/artist/zazie-productions/1623719351,Random-Zazie-Productions-Links-PDF
shazam.com,https://www.shazam.com/en-us/artist/zazie-productions/1623719351,Random-Zazie-Productions-Links-PDF
soundclick.com,https://www.soundclick.com/zazieproductions/?content=videos,Random-Zazie-Productions-Links-PDF
soundsgoodwebzine.com,https://www.soundsgoodwebzine.com/zazie-productions-cant-get-my-eyes-off-you-123/,Random-Zazie-Productions-Links-PDF
stage32.com,https://www.stage32.com/profile/1164424/about,Random-Zazie-Productions-Links-PDF
stb.hu,https://www.stb.hu/youtube/U,Random-Zazie-Productions-Links-PDF
themoviedb.org,https://www.themoviedb.org/person/5112050-zazie-productions?language=ko-KR,Random-Zazie-Productions-Links-PDF
thetalentmanager.com,https://www.thetalentmanager.com/talent/214007/zazie-productions,Random-Zazie-Productions-Links-PDF
tiktok.com,https://www.tiktok.com/@usery..y..yulles/video/7453287097533746450,Random-Zazie-Productions-Links-PDF
topsheetmusic.eu,https://www.topsheetmusic.eu,Random-Zazie-Productions-Links-PDF
trendingbot.org,https://www.trendingbot.org/topic/418115_klerksdorp,Random-Zazie-Productions-Links-PDF
tvonlayn.ru,https://www.tvonlayn.ru/video/,Random-Zazie-Productions-Links-PDF
vtomb.com,https://www.vtomb.com/?watc,Random-Zazie-Productions-Links-PDF
vtomb.com,https://www.vtomb.com/video/,Random-Zazie-Productions-Links-PDF
whitelight-whiteheat.com,https://www.whitelight-whiteheat.com/wl-wh-weekly-shoegaze-dreampop-psychedelic-indie-tips-,Random-Zazie-Productions-Links-PDF
wikiwand.com,https://www.wikiwand.com/en/articles/List_of_experimental_musicians,Random-Zazie-Productions-Links-PDF
youtube-nocooki,https://www.youtube-nocooki,Random-Zazie-Productions-Links-PDF
youtube.com,https://www.youtube.com/,Random-Zazie-Productions-Links-PDF
youtube.com,https://www.youtube.com/watch?v=7fR5Ps12xvs,Random-Zazie-Productions-Links-PDF
youtuberepeater,https://www.youtuberepeater,Random-Zazie-Productions-Links-PDF
ytrepeat.com,https://www.ytrepeat.com/wat,Random-Zazie-Productions-Links-PDF
x-minusovka.com,https://x-minusovka.com/?song=Zazie+Productions,Random-Zazie-Productions-Links-PDF
x.com,https://x.com/djohnhopper/status/1895789160608514084,Random-Zazie-Productions-Links-PDF
xoyondo.com,https://xoyondo.com/ap/pwhs1p75sb8acfp,Random-Zazie-Productions-Links-PDF
yewtu.be,https://yewtu.be/watch?v=UX,Random-Zazie-Productions-Links-PDF
youplay.nimtools.com,https://youplay.nimtools.com/,Random-Zazie-Productions-Links-PDF
youtu.be,https://youtu.be/J9q7lgaz5-o?si=GFmMtYHpV8eIps4Z,Random-Zazie-Productions-Links-PDF
youtube.com,https://youtube.com/@zazieproductions?si=T9Zc5jsMttuG3n-e,Random-Zazie-Productions-Links-PDF
youtubu.tv,https://youtubu.tv/watch?v=U,Random-Zazie-Productions-Links-PDF
yt.nimlinks.com,https://yt.nimlinks.com/@zazieproductions,Random-Zazie-Productions-Links-PDF
yt.nimlinks.com,https://yt.nimlinks.com/UX2kv,Random-Zazie-Productions-Links-PDF
zazieproductions.bandcamp.com,https://zazieproductions.bandcamp.com,Random-Zazie-Productions-Links-PDF
zazieproductions.gumroad.com,https://zazieproductions.gumroad.com/?_gl=1*n00hfe*_ga*MjA1NDM2MTg2LjE3Mzg3MjU3Mz,Random-Zazie-Productions-Links-PDF
zazieproductions.itch.io,https://zazieproductions.itch.io,Random-Zazie-Productions-Links-PDF
zvu4no.org,https://zvu4no.org/tracks/Zazie,Random-Zazie-Productions-Links-PDF
