id,source_url,source_domain,destination_url,anchor_text,context,link_type,independence,live_status,authority,mention_vs_link,achievement_id,cluster_id,notes,date_checked
BL-001,https://pebblesunderground.art/video/phantom-requiem/,pebblesunderground.art,https://linktr.ee/zazieproductions,https://linktr.ee/zazieproductions,Director/artist credit block on award page,editorial-credit,independent festival,live,"medium (festival site, indexed)",link,ACH_PEBBLES_JURY_SPECIAL_MENTION_2024,,Page known; link inventory new. Also links bandcamp root + Spotify podcast episode 1fvq4kF8w6ew8IllOLf5yn.,2026-09-05
BL-002,https://pebblesunderground.art/video/phantom-requiem/,pebblesunderground.art,https://zazieproductions.bandcamp.com,https://zazieproductions.bandcamp.com,Credit block,editorial-credit,independent festival,live,medium,link,ACH_PEBBLES_JURY_SPECIAL_MENTION_2024,,,2026-09-05
BL-003,https://www.visualcontainer.tv/wp-content/uploads/2025/01/Winter-2024-Award-Winners_Press-Release.pdf,visualcontainer.tv,https://linktr.ee/zazieproductions; https://zazieproductions.bandcamp.com,URL text,Press-release PDF artist entry,editorial-credit (PDF),independent institution,live,medium-high,link (in PDF),ACH_PEBBLES_JURY_SPECIAL_MENTION_2024,,,2026-09-05
BL-004,https://lakeivan.substack.com/p/spinning-in-the-wildness-phantom,lakeivan.substack.com,https://www.youtube.com/watch?v=UX2kv3G89Jw,Phantom Requiem,First sentence of review links film title to YouTube,editorial-inline,independent critic (David Finkelstein),live,medium (established experimental-film journal),link,ACH_LAKE_IVAN_REVIEW_2025,,Review names both 'Zazie Productions' and 'Zazie Kanwar-Torge'. No link to bandcamp/linktree.,2026-09-05
BL-005,https://www.clongclongmoo.org/2025/07/26/various-artists-on-%e5%91%aa%e6%80%a8-the-music-compilation/,clongclongmoo.org,https://zazieproductions.bandcamp.com; https://linktr.ee/zazieproductions,zazieproductions.bandcamp.com /// linktr.ee/zazieproductions,Artist credit list copied from label release notes,credit-list (reposted label text),"independent aggregator, derivative content",live,medium (long-running netlabel hub),link,ACH_COMP_JU_ON_2025,CL_CLONGCLONGMOO_NETLABEL_FEED,Text originates from Dawn of Darkness release notes (Sábila Orbe).,2026-09-05
BL-006,https://www.clongclongmoo.org/2025/10/31/various-artist-%e2%96%bc-experiments-on-the-witch-house-%e2%96%b2/,clongclongmoo.org,https://zazieproductions.bandcamp.com,zazieproductions.bandcamp.com/,Credit list,credit-list,"independent aggregator, derivative",live,medium,link,ACH_COMP_EXPERIMENTS_WITCH_HOUSE_2025,CL_CLONGCLONGMOO_NETLABEL_FEED,,2026-09-05
BL-007,https://www.clongclongmoo.org/2026/07/17/various-artist-%f0%9f%91%bd-i-want-to-believe-x-files-tribute%f0%9f%94%8d/,clongclongmoo.org,https://zazieproductions.bandcamp.com,zazieproductions.bandcamp.com/,Credit list,credit-list,"independent aggregator, derivative",live,medium,link,ACH_COMP_I_WANT_TO_BELIEVE_2026,CL_CLONGCLONGMOO_NETLABEL_FEED,,2026-09-05
BL-008,https://www.clongclongmoo.org/2026/08/14/various-artist-doom-a-creative-commons-music-compilation/,clongclongmoo.org,https://zazieproductions.bandcamp.com,https://zazieproductions.bandcamp.com/,Credit list,credit-list,"independent aggregator, derivative",live,medium,link,ACH_COMP_DOOM_2026,CL_CLONGCLONGMOO_NETLABEL_FEED,,2026-09-05
BL-009,https://www.clongclongmoo.org/2025/05/ (Beyond The Body post),clongclongmoo.org,https://zazieproductions.bandcamp.com,Zazie Productions — zazieproductions.bandcamp.com,Credit list (witch-house.com compilation),credit-list,"independent aggregator, derivative",live (seen in site search),medium,link,ACH_COMP_BEYOND_THE_BODY_2025,CL_CLONGCLONGMOO_NETLABEL_FEED,Exact post URL not captured; visible at clongclongmoo.org/?s=zazie.,2026-09-05
BL-010,https://archive.org/details/ju-on-the-music-compilation,archive.org,https://zazieproductions.bandcamp.com; https://linktr.ee/zazieproductions,URL text,IA item description (label-authored),credit-list,"label (Dawn of Darkness), not independent press",live,high domain / low editorial,link,ACH_COMP_JU_ON_2025,,URL already in master; link inventory new.,2026-09-05
BL-011,https://groover.co/en/influencer/profile/0.zazie-productions/,groover.co,https://linktr.ee/zazieproductions,https://linktr.ee/zazieproductions,Curator profile website field,profile-field,self-authored,live,low,link,,,Self profile; not independent.,2026-09-05
BL-012,https://itch.io/t/4739756/composersvoice-actorsrev-share-iso-talented-individuals-to-help-finish-a-game,itch.io,linktr.ee/zazieproductions,linktr.ee/zazieproductions,Forum reply by target (~2025),forum-comment (self),self-posted,live (snippet-verified only),low,link,,,"Self-posted job-board reply; lead only, page not fetched.",2026-09-05
BL-013,https://www.blackmountaincollege.org/broadcast-bmc-radio-artist-zazie-productions/,blackmountaincollege.org,(none to target properties),-,Institution page; outbound links only to ashevillefm.org and BMC listing,mention-only,independent institution,live,high,mention (no link),ACH_BMC_RADIO_ARTIST_2021,,Important: high-authority MENTION but NOT a backlink - no outbound link to any target property.,2026-09-05
BL-014,http://web.archive.org/web/20260215233256/https://www.peopleversus.tv/fringe-flicks-archive/april-2025/,peopleversus.tv,(none),-,Programme note credits 'Director: Zazie Kanwar-Torge' with no hyperlink (other directors got IG/site links),mention-only,independent,dead live / archived,medium,mention (no link),ACH_PVTV_FRINGE_FLICKS_2025-04-04,,,2026-09-05
BL-015,https://www.patreon.com/posts/pvtv-patreon-125656656,patreon.com,(none),-,Title-only listing,mention-only (title),independent,live,medium,title mention,ACH_PVTV_FRINGE_FLICKS_2025-04-04,,,2026-09-05
BL-016,https://www.reddit.com/r/lastfm/comments/ujng7o/,reddit.com,(none),-,Comment recommending 'Constrained Capacity by Zazie Productions',mention-only,associated account (ManicMolotov) - not independent,live,low,mention,,CL_REDDIT_MANICMOLOTOV_2022,,2026-09-05
