id,area,url,host,target_name_match,achievement_id,mention_cluster_id,status,evidence_level,independence,trust_tier,best_use,cv_value,tags,novelty,summary,date_checked
WPX-001,4-entity,https://www.imdb.com/title/tt19369318/fullcredits,imdb.com,Zazie Kanwar-Torge,ACH_FILM_PHANTOM_REQUIEM,,live,destination page,"Database (user-submitted, moderated)",B,Film CV,3,imdb;title-credit;crosswalk,new URL (person page nm17333332 already known),IMDb title record with full credits verified; one of 8 title credits under nm17333332.,2026-09-05
WPX-002,4-entity,https://www.imdb.com/title/tt43438100/fullcredits,imdb.com,Zazie Kanwar-Torge,ACH_FILM_IMDB_CREDITS,,live,destination page,Database,B,Film CV,3,imdb;title-credit,new URL,IMDb title credit verified.,2026-09-05
WPX-003,4-entity,https://www.imdb.com/title/tt37707793/fullcredits,imdb.com,Zazie Kanwar-Torge,ACH_FILM_IMDB_CREDITS,,live,destination page,Database,B,Film CV,3,imdb;title-credit,new URL,IMDb title credit verified.,2026-09-05
WPX-004,4-entity,https://www.imdb.com/title/tt43746773/fullcredits,imdb.com,Zazie Kanwar-Torge,ACH_FILM_IMDB_CREDITS,,live,destination page,Database,B,Film CV,3,imdb;title-credit,new URL,IMDb title credit verified.,2026-09-05
WPX-005,4-entity,https://www.imdb.com/title/tt43407807/,imdb.com,Zazie Kanwar-Torge,ACH_FILM_IMDB_CREDITS,,live,DB metadata (listed on nm17333332; fullcredits not opened),Database,B,Film CV,2,imdb;title-credit;partial,new URL,Listed on person filmography; credit page not individually opened.,2026-09-05
WPX-006,4-entity,https://www.imdb.com/title/tt36984141/,imdb.com,Zazie Kanwar-Torge,ACH_FILM_IMDB_CREDITS,,live,DB metadata,Database,B,Film CV,2,imdb;title-credit;partial,new URL,Listed on person filmography.,2026-09-05
WPX-007,4-entity,https://www.imdb.com/title/tt36954700/,imdb.com,Zazie Kanwar-Torge,ACH_FILM_IMDB_CREDITS,,live,DB metadata,Database,B,Film CV,2,imdb;title-credit;partial,new URL,Listed on person filmography.,2026-09-05
WPX-008,4-entity,https://www.imdb.com/title/tt38637541/,imdb.com,Zazie Kanwar-Torge,ACH_FILM_IMDB_CREDITS,,live,DB metadata,Database,B,Film CV,2,imdb;title-credit;partial,new URL,Listed on person filmography.,2026-09-05
WPX-009,4-entity,https://www.themoviedb.org/movie/1328893,themoviedb.org,Zazie Kanwar-Torge,ACH_FILM_PHANTOM_REQUIEM,,live,destination page,Self-authored DB entry (TMDB user ZazieProductionsEnterprises),C,Research Only,1,tmdb;self-authored;duplicate-identity,new URL,Phantom Requiem TMDB record; created by target's own TMDB account. Person id 5112050 already known.,2026-09-05
WPX-010,2-visual,https://www.visualcontainer.tv/wp-content/uploads/2025/01/Winter-2024-Award-Winners_Press-Release.pdf,visualcontainer.tv,Zazie Kanwar-Torge; Zazie Productions,ACH_PEBBLES_JURY_SPECIAL_MENTION_2024,,live,"destination page (PDF, all 6 chunks read)","Independent institution (VisualcontainerTV, Milan)",A,Film CV / Press Kit,4,pdf;press-release;award;festival;broadcast,new URL (HTML landing page already known),"Official press-release PDF listing PHANTOM REQUIEM 'JURY SPECIAL MENTION' with synopsis, bio and links; work streamed on VisualcontainerTV 1-15 Feb 2025. Same achievement as Pebbles Underground record - do not double count.",2026-09-05
WPX-011,2-visual,https://www.visualcontainer.tv/wp-content/uploads/2025/01/Winter2024AW_Poster.landscape-1024x576.png,visualcontainer.tv,(image - stills collage; target's film card not legible),ACH_PEBBLES_JURY_SPECIAL_MENTION_2024,,live,image viewed,Independent institution,B,Press Kit,2,poster;collage;award-programme,new URL,'winter 2024 award winning works on air february 1-15' collage poster (VisualcontainerTV x Pebbles Underground). Target's card not individually legible -> supporting visual only.,2026-09-05
WPX-012,2-visual,https://pebblesunderground.art/wp-content/uploads/2024/12/PHANTOM-REQUIEM-by-Zazie-Kanwar-Torge_Zazie-Productions-1024x576.jpg,pebblesunderground.art,Zazie Kanwar-Torge; Zazie Productions (in filename + page title),ACH_PEBBLES_JURY_SPECIAL_MENTION_2024,,live (referenced from live page),destination page (image URL taken from page; image not fetched - egress blocked),Independent festival,A,Press Kit / Film CV,3,film-card;festival-artwork;award,new URL,Festival-produced film card image for the award page. Suitable press-kit visual.,2026-09-05
WPX-013,2-visual,https://pebblesunderground.art/wp-content/uploads/2024/12/AWARD-WINNERS_GENERIC.jpg,pebblesunderground.art,"(generic award graphic, no name)",ACH_PEBBLES_JURY_SPECIAL_MENTION_2024,,live,image viewed,Independent festival,B,Press Kit,1,award-graphic;generic,new URL,'Jury and Audience Award Winners - Winter Screenings 2024' graphic; no target name on it.,2026-09-05
WPX-014,5-historical,http://web.archive.org/web/20260215233256/https://www.peopleversus.tv/fringe-flicks-archive/april-2025/,peopleversus.tv (via Wayback),Zazie Kanwar-Torge,ACH_PVTV_FRINGE_FLICKS_2025-04-04,,DEAD live (404) / ARCHIVED (6 captures 23 Apr 2025 - 15 Feb 2026),archive (full page read),"Independent (People Versus TV CIC, Liverpool)",A,Film CV,3,screening;uk;deleted-page;wayback;programme-note,new (archive URL); event partly known via mycommunitycinema,Official programme recap: 'Deaf Orphans of Streamcast - Director: Zazie Kanwar-Torge - Country: US' screened 4 Apr 2025 at DoES Liverpool alongside Kenneth Anger's Lucifer Rising. Page removed in 2026 site redesign; audience award went to Deep Space Laika.,2026-09-05
WPX-015,1-backlinks,https://www.patreon.com/posts/pvtv-patreon-125656656,patreon.com,(title mention only: 'Deaf Orphans of Streamcast (US)'; no name),ACH_PVTV_FRINGE_FLICKS_2025-04-04,,live,destination page,Independent (PVTV Patreon),B,Film CV (supporting),2,screening;announcement;title-only,new URL,Public Patreon update 1 Apr 2025 listing the film in the April line-up. Fails exact-name rule (title only) - supporting evidence.,2026-09-05
WPX-016,5-historical,https://www.eventbrite.co.uk/e/pvtv-fringe-flicks-kenneth-angers-lucifer-rising-short-films-tickets-1266128637839,eventbrite.co.uk,(no name; event shell only),ACH_PVTV_FRINGE_FLICKS_2025-04-04,,live (event ended),destination page,Independent,C,Research Only,1,ticketing;event-shell,new URL,"Confirms date/venue (Fri 4 Apr 2025, DoES Liverpool). No target name visible.",2026-09-05
WPX-017,1-backlinks,https://www.clongclongmoo.org/2025/07/26/various-artists-on-%e5%91%aa%e6%80%a8-the-music-compilation/,clongclongmoo.org,Zazie Productions,ACH_COMP_JU_ON_2025,CL_CLONGCLONGMOO_NETLABEL_FEED,live,destination page (site search results page read; post URL from that page),Independent aggregator (netlabel news site since 2010) reposting label credits,B,Music CV (supporting),2,backlink;netlabel;compilation;aggregator;credit-list,new URL,Outbound links to zazieproductions.bandcamp.com and linktr.ee/zazieproductions in artist credit list for Dawn of Darkness 'Ju-On' compilation.,2026-09-05
WPX-018,1-backlinks,https://www.clongclongmoo.org/2025/10/31/various-artist-%e2%96%bc-experiments-on-the-witch-house-%e2%96%b2/,clongclongmoo.org,Zazie Productions,ACH_COMP_EXPERIMENTS_WITCH_HOUSE_2025,CL_CLONGCLONGMOO_NETLABEL_FEED,live,destination page (via site search),Independent aggregator,B,Music CV (supporting),2,backlink;netlabel;compilation,new URL,Credit-list link to zazieproductions.bandcamp.com.,2026-09-05
WPX-019,1-backlinks,https://www.clongclongmoo.org/2026/07/17/various-artist-%f0%9f%91%bd-i-want-to-believe-x-files-tribute%f0%9f%94%8d/,clongclongmoo.org,Zazie Productions,ACH_COMP_I_WANT_TO_BELIEVE_2026,CL_CLONGCLONGMOO_NETLABEL_FEED,live,destination page (via site search),Independent aggregator,B,Music CV (supporting),2,backlink;netlabel;compilation,new URL,Credit-list link to zazieproductions.bandcamp.com.,2026-09-05
WPX-020,1-backlinks,https://www.clongclongmoo.org/2026/08/14/various-artist-doom-a-creative-commons-music-compilation/,clongclongmoo.org,Zazie Productions,ACH_COMP_DOOM_2026,CL_CLONGCLONGMOO_NETLABEL_FEED,live,destination page (via site search),Independent aggregator,B,Music CV (supporting),2,backlink;netlabel;compilation,new URL,Credit-list link to zazieproductions.bandcamp.com.,2026-09-05
WPX-021,1-backlinks,https://www.clongclongmoo.org/?s=zazie,clongclongmoo.org,Zazie Productions,,CL_CLONGCLONGMOO_NETLABEL_FEED,live,destination page,Independent aggregator,B,Research Only,1,site-search;5-posts,new URL,"Site search returns 5 posts naming/linking target (incl. Beyond The Body, May 2025). Use as index for the cluster.",2026-09-05
WPX-022,3-social,https://www.reddit.com/r/lastfm/comments/ujng7o/12x12_past_year_please_recommend_me_some_music/,reddit.com,Zazie Productions,,CL_REDDIT_MANICMOLOTOV_2022,live,"destination page (thread fetched via redditmedia; target comment seen in search snippet only - thread is 6 chunks, comment not reached)","Reddit user ManicMolotov (same account that posted the target's own tracks in r/musicsuggestions umfnlb 2022-05-10) - treat as SELF/ASSOCIATED, not independent fan",C,Research Only,1,reddit;self-promotion-cluster;recommendation;2022,new URL,Comment 'The album Constrained Capacity by Zazie Productions... relatively unknown noise album that I adore' (May 2022). Same account as the known self-promo thread -> not independent.,2026-09-05
WPX-023,3-social,https://lakeivan.substack.com/p/spinning-in-the-wildness-phantom/comments,lakeivan.substack.com,Zazie (target's own account @zazieproductions) + independent commenter zach dorn,ACH_LAKE_IVAN_REVIEW_2025,,live,destination page,Discussion: 1 independent critical comment (AI-generation doubt) + long author reply + reviewer reply,A (parent article) / discussion tag,Research Only,2,comments;discussion;independent-critique;author-reply;ai-debate,new (comment thread on known URL),"Only genuine third-party discussion thread found this pass: commenter questions whether film is AI-generated; target replies with detailed process statement (RIFE interpolation, StyleGAN-2 textures, Blender, $300 budget, age 19). Useful context for press-kit honesty; not an accolade.",2026-09-05
WPX-024,4-entity,https://substack.com/@zazieproductions,substack.com,Zazie (handle zazieproductions),,,live,destination page,Self-authored profile,C,Research Only,1,substack;profile;no-publication,new URL,"Substack reader profile (id 35672413) 'Underground Filmmaker, Multi-Instrumentalist, Experimental Musician'; 2 subscriptions; no newsletter of its own.",2026-09-05
WPX-025,4-entity,https://api.github.com/users/zazieproductions,api.github.com,Zazie Productions (name); company 'Zazie Productions LLC',,,live,API JSON,Self-authored,C,Tech CV,2,github;api;created-2021-06-09;38-repos;31-followers,new URL (profile already known),"Machine-readable profile: id 85637520, created 2021-06-09, 38 public repos, 2 gists, 31 followers, bio 'Multidisciplinary artist + creative technologist'. Earliest dated self-owned web asset found.",2026-09-05
WPX-026,5-historical,http://web.archive.org/web/20210914053312/https://zazieproductions.bandcamp.com/,zazieproductions.bandcamp.com (via Wayback),Zazie Productions,,,archived,archive (page read),Self (archived),B,Research Only,2,wayback;earliest-capture;2021-bio;archive-team,new URL,"Earliest Bandcamp capture (Archive Team, 14 Sep 2021): 4 albums (Sellotape, demos/outtakes, Stutter to stammer, G7e Torpedo); 2021 bio 'teenage friend you wished you had', claims Typescript magazine playlist feature.",2026-09-05
WPX-027,5-historical,http://web.archive.org/web/20211205210444/https://www.blackmountaincollege.org/broadcast-bmc-radio-artist-zazie-productions/,blackmountaincollege.org (via Wayback),Zazie Productions,ACH_BMC_RADIO_ARTIST_2021,,archived (live page unchanged),archive + live page compared,Independent institution,A,Composer CV,4,wayback;14-captures;2021-12-05-first;unchanged,new (archive URL of known page),14 captures 5 Dec 2021 - 9 May 2026; content identical to live page (still 'Postponed - Date TBD'). Confirms the BMC page has existed unchanged since Dec 2021 - the copy source for the BMC_LEVINSON_SPAM_CLUSTER.,2026-09-05
WPX-028,4-entity,https://api.discogs.com/artists/11354435/releases,api.discogs.com,Zazie Productions,,,live,API JSON,Database,B,Music CV (index),2,discogs;api;64-releases,new URL (artist page known),"64 releases 2022-2026 (2 Main, 62 TrackAppearance). 6 release IDs were absent from master (see entity_map).",2026-09-05
